order_id,product_id,quantity,unit_price,markdown_pct,is_returned
1,1342,2,35.0,0.0,0
2,8306,1,512.08,0.076,0
2,10827,1,330.33,0.076,0
2,11672,1,644.27,0.076,0
3,8797,2,705.2,0.082,0
4,7233,1,310.55,0.065,0
5,4243,2,525.02,0.034,0
5,5066,2,777.83,0.034,0
6,6407,2,588.69,0.099,0
6,11425,2,563.81,0.099,1
6,5835,1,301.53,0.099,0
7,3631,2,541.55,0.027,0
7,8414,2,413.31,0.027,0
8,4281,2,635.26,0.055,0
9,4116,1,33.79,0.035,0
9,3528,2,147.11,0.035,0
9,10238,2,361.66,0.035,1
10,3519,2,347.04,0.024,0
10,8834,2,447.89,0.024,0
11,6687,2,588.57,0.09,0
11,8792,2,543.45,0.09,1
11,10684,1,427.54,0.09,0
12,3237,1,150.58,0.088,0
12,1475,1,545.58,0.088,0
12,11522,2,365.62,0.088,0
13,8811,1,638.34,0.041,0
13,1680,1,198.88,0.041,0
13,7079,2,137.29,0.041,0
14,5834,2,341.69,0.031,0
14,1690,1,254.71,0.031,1
14,6126,1,73.45,0.031,0
15,6398,2,392.2,0.037,0
16,4590,2,305.76,0.085,0
16,1444,1,386.64,0.085,0
17,3190,2,641.69,0.001,0
17,9986,2,209.69,0.001,0
18,5736,1,552.58,0.001,0
18,1810,1,447.38,0.001,1
18,1512,1,446.03,0.001,0
19,1388,1,680.66,0.019,0
19,3871,1,365.68,0.019,0
20,2757,1,318.61,0.019,0
20,1497,2,472.79,0.019,0
21,8170,2,377.99,0.112,0
22,7471,1,125.66,0.043,0
22,660,2,529.72,0.043,0
22,227,2,268.29,0.043,0
23,238,2,516.05,0.071,0
23,9141,2,354.52,0.071,0
23,4436,2,577.67,0.071,0
24,8362,1,375.07,0.03,0
25,3629,2,222.8,0.048,0
25,9187,2,919.23,0.048,0
26,9431,2,550.93,0.074,0
27,9351,1,33.3,0.049,0
28,11034,2,109.5,0.084,0
29,9119,2,167.61,0.1,0
29,4965,2,334.81,0.1,0
30,11045,2,209.47,0.042,0
30,2717,2,184.35,0.042,0
30,548,2,350.95,0.042,0
31,2152,2,426.7,0.097,0
32,8573,2,290.95,0.031,0
32,3910,2,564.44,0.031,0
32,6116,1,319.93,0.031,0
33,5151,1,493.01,0.01,0
33,2813,1,527.81,0.01,0
33,3005,1,597.1,0.01,0
34,10708,2,432.29,0.041,0
34,10727,2,621.7,0.041,0
35,7256,2,240.38,0.09,0
35,4761,2,616.1,0.09,1
35,350,2,286.67,0.09,0
36,1282,1,355.81,0.004,0
36,8501,1,757.43,0.004,0
37,10419,2,337.61,0.055,0
37,6263,1,591.63,0.055,1
38,7753,2,887.35,0.057,1
39,2139,2,285.45,0.031,0
39,6537,1,348.45,0.031,0
40,1051,2,408.34,0.045,0
40,7481,2,445.04,0.045,0
41,4858,1,458.1,0.064,0
42,4940,1,567.37,0.049,0
43,6776,1,511.0,0.063,1
44,4040,1,743.54,0.063,0
45,8534,2,407.75,0.009,0
45,11766,2,345.02,0.009,0
46,4154,1,196.67,0.052,0
46,11758,2,337.94,0.052,0
47,2979,1,705.07,0.062,0
47,1462,2,592.82,0.062,0
48,1489,2,168.09,0.054,0
48,3867,2,695.33,0.054,1
49,4622,1,585.47,0.048,0
49,4759,2,465.55,0.048,0
50,3359,1,311.21,0.077,0
51,5480,2,605.73,0.023,0
51,5306,1,459.56,0.023,0
52,3521,1,415.17,0.0,0
53,11028,1,695.16,0.063,0
53,2740,1,700.68,0.063,0
54,2110,2,678.4,0.057,0
55,4453,1,66.29,0.068,1
56,3616,1,780.5,0.127,0
56,11849,2,280.09,0.127,0
56,7775,1,185.28,0.127,0
57,9642,2,372.75,0.011,0
58,1774,1,249.25,0.041,1
59,6805,2,428.96,0.053,0
60,4138,1,302.86,0.116,0
60,3522,1,469.9,0.116,0
61,7076,2,77.97,0.008,0
61,9293,2,1027.15,0.008,0
62,6955,1,530.27,0.055,0
62,9343,1,395.23,0.055,0
62,5046,2,396.83,0.055,0
63,2445,1,152.51,0.045,0
64,11115,2,353.64,0.073,0
64,1248,2,442.01,0.073,0
65,10355,2,701.59,0.071,0
65,1869,2,532.13,0.071,0
66,8495,1,522.98,0.035,0
67,2980,1,658.68,0.078,1
67,6615,1,457.18,0.078,0
68,6630,1,448.81,0.054,0
69,8730,2,245.68,0.05,0
69,7792,2,341.14,0.05,0
70,9869,1,91.82,0.042,0
70,6601,1,378.17,0.042,0
71,2299,2,737.45,0.042,0
71,7344,1,396.59,0.042,0
71,8350,1,303.29,0.042,0
72,16,1,177.21,0.011,0
72,11442,2,687.42,0.011,0
73,7723,1,708.65,0.049,0
74,438,1,381.48,0.034,1
74,9755,2,33.8,0.034,0
75,4904,2,299.87,0.033,0
76,8592,2,565.28,0.039,0
76,3289,1,326.35,0.039,0
77,1312,2,491.8,0.103,0
77,6702,2,451.06,0.103,0
78,11923,2,512.83,0.023,0
78,11717,2,409.7,0.023,0
78,9288,1,39.03,0.023,0
79,8237,2,463.44,0.074,0
79,1563,1,232.51,0.074,0
80,9279,2,460.67,0.039,0
81,7873,2,550.07,0.068,1
81,3624,2,674.14,0.068,0
82,3702,1,77.12,0.053,0
82,7899,1,660.46,0.053,0
82,10203,1,258.65,0.053,0
83,5847,2,715.85,0.114,1
84,10452,1,374.04,0.037,1
84,9256,2,33.72,0.037,0
84,3266,1,564.06,0.037,1
85,2897,2,209.37,0.027,1
86,3593,1,34.64,0.01,0
87,164,1,407.78,0.024,0
87,7833,2,267.76,0.024,0
88,7662,1,413.06,0.0,0
89,6846,1,734.64,0.069,0
89,977,2,370.95,0.069,0
89,5401,1,576.98,0.069,0
90,9617,1,566.55,0.08,0
91,3389,1,410.71,0.1,0
92,8730,2,239.38,0.074,0
92,1765,2,513.82,0.074,0
93,10443,1,355.04,0.08,0
93,8303,1,406.95,0.08,0
94,11466,2,336.15,0.039,1
95,8880,1,464.32,0.087,1
95,3009,1,710.2,0.087,0
95,8597,1,168.18,0.087,0
96,3905,2,288.59,0.081,0
96,3457,2,359.28,0.081,1
97,4940,1,573.53,0.039,0
97,456,1,33.63,0.039,0
98,1443,2,609.36,0.039,0
98,8034,2,234.64,0.039,0
99,4826,1,169.33,0.054,0
99,7174,2,276.32,0.054,0
100,6769,1,752.85,0.006,0
100,8440,1,393.08,0.006,0
101,1444,1,406.64,0.037,0
102,3546,1,523.05,0.088,0
102,7851,2,263.48,0.088,0
102,3313,1,532.48,0.088,1
103,9336,2,634.57,0.082,1
104,9075,2,68.61,0.123,0
104,9847,2,265.12,0.123,0
105,6700,2,587.83,0.105,0
106,6355,2,295.13,0.057,1
106,9579,2,353.1,0.057,0
106,8216,2,675.71,0.057,0
107,11200,1,135.23,0.072,0
107,5800,2,359.82,0.072,0
107,4502,2,241.89,0.072,0
108,9603,1,807.52,0.067,0
108,9241,1,538.52,0.067,0
108,9218,1,235.5,0.067,0
109,3175,2,464.43,0.055,0
109,5477,2,739.58,0.055,0
109,6233,2,627.76,0.055,0
110,7236,1,454.31,0.102,1
111,11195,1,372.05,0.055,0
111,5011,1,33.08,0.055,0
112,6612,1,205.31,0.017,0
112,745,1,416.51,0.017,0
112,1408,1,422.67,0.017,0
113,11414,2,358.04,0.081,1
114,7463,2,447.41,0.026,1
114,3818,1,843.54,0.026,0
115,10111,2,297.37,0.071,0
115,10450,1,219.31,0.071,1
115,11116,2,175.25,0.071,0
116,9779,1,185.19,0.091,0
116,958,1,347.04,0.091,0
116,11604,1,266.35,0.091,0
117,3873,2,76.68,0.053,1
117,8670,2,216.26,0.053,0
117,4744,2,680.08,0.053,0
118,9473,2,426.46,0.082,0
118,4331,2,532.22,0.082,0
119,11061,1,760.28,0.014,0
119,5630,1,453.06,0.014,0
119,2098,2,474.96,0.014,0
120,6873,1,354.47,0.034,0
120,9706,1,417.66,0.034,0
121,2921,2,395.94,0.076,1
121,5482,2,622.38,0.076,0
121,6276,2,300.97,0.076,1
122,251,2,513.85,0.038,1
122,2587,1,605.98,0.038,0
122,10213,1,184.44,0.038,1
123,8056,2,568.54,0.041,0
124,10583,1,546.99,0.051,0
124,1102,1,798.44,0.051,0
125,807,1,439.79,0.052,0
126,5248,1,560.93,0.02,0
126,3134,2,417.65,0.02,0
127,678,1,380.71,0.07,0
128,4908,1,177.1,0.068,1
128,9061,2,486.56,0.068,1
128,1003,1,198.66,0.068,0
129,4914,2,596.57,0.018,0
129,7378,1,355.43,0.018,0
130,2057,1,408.4,0.109,0
131,10838,1,636.61,0.084,0
132,3891,1,204.78,0.068,0
132,10112,1,397.56,0.068,0
132,10628,2,151.71,0.068,1
133,10039,1,50.38,0.041,0
134,138,1,1038.8,0.008,0
135,1349,2,392.44,0.049,0
136,8563,1,592.04,0.021,0
136,8139,2,34.26,0.021,0
137,4632,1,167.57,0.054,0
137,10613,2,465.22,0.054,0
137,5343,2,701.61,0.054,0
138,6267,1,277.76,0.046,1
138,9386,2,662.44,0.046,0
139,2752,2,536.55,0.051,0
140,2632,1,407.12,0.0,0
140,8069,1,707.72,0.0,0
141,2750,2,570.29,0.043,1
142,3093,1,830.05,0.055,0
142,9477,1,264.47,0.055,0
142,5082,2,654.43,0.055,1
143,3621,1,210.35,0.036,0
143,3940,2,420.41,0.036,0
144,9626,2,132.46,0.058,0
144,3725,1,424.94,0.058,0
144,5541,2,627.44,0.058,0
145,11758,1,336.96,0.055,0
145,9266,1,759.54,0.055,0
146,2965,2,122.63,0.071,0
146,9710,2,332.05,0.071,0
147,2440,1,241.58,0.094,0
147,1089,2,531.96,0.094,0
148,10975,2,447.99,0.04,0
148,1802,2,659.12,0.04,1
148,8504,2,772.18,0.04,0
149,4455,1,239.39,0.063,0
150,362,2,291.43,0.094,0
150,5265,2,281.86,0.094,0
151,10239,2,462.39,0.041,0
151,6194,2,217.88,0.041,0
152,2835,1,239.57,0.084,0
152,1025,2,186.05,0.084,0
153,9979,2,313.68,0.069,0
153,10377,2,473.31,0.069,0
153,5480,1,577.08,0.069,0
154,4414,2,610.88,0.011,0
155,9690,2,567.05,0.072,0
156,5712,1,574.29,0.076,0
156,7982,2,661.62,0.076,0
157,690,2,405.55,0.0,0
157,234,2,371.48,0.0,0
158,5224,2,236.02,0.02,0
159,6449,1,272.68,0.097,0
160,2221,1,585.31,0.058,1
161,11878,1,375.03,0.03,1
162,1028,2,583.85,0.0,0
162,11824,2,547.45,0.0,1
162,7306,2,407.13,0.0,0
163,9742,1,188.2,0.061,0
164,2357,2,242.72,0.081,0
165,8817,2,876.19,0.001,1
165,970,1,209.25,0.001,0
166,5778,1,295.81,0.042,0
167,9681,2,326.01,0.016,0
168,3628,2,814.18,0.017,0
168,11998,1,836.49,0.017,0
169,6319,1,390.69,0.054,0
169,5652,1,33.1,0.054,0
169,8835,2,386.97,0.054,0
170,1347,1,228.53,0.086,1
171,6082,1,247.73,0.021,1
172,4588,2,501.6,0.069,1
173,1938,2,314.94,0.052,0
173,8039,2,377.51,0.052,0
173,11500,2,356.41,0.052,0
174,3712,1,303.91,0.038,0
174,8251,2,441.91,0.038,0
175,1939,1,474.36,0.043,0
175,3921,2,166.65,0.043,1
176,7225,1,310.65,0.037,0
176,1525,1,199.75,0.037,0
177,5204,1,451.64,0.051,0
177,4697,2,156.73,0.051,0
178,4052,1,566.67,0.065,0
179,2387,2,574.27,0.006,0
179,4212,2,407.32,0.006,0
180,5840,1,289.27,0.0,1
180,9910,2,366.48,0.0,0
180,1399,1,359.61,0.0,0
181,7129,2,575.84,0.081,0
181,7890,2,526.2,0.081,0
181,11905,2,577.24,0.081,0
182,6836,1,349.52,0.058,0
183,1406,2,454.59,0.06,1
183,6637,2,348.87,0.06,1
184,8919,1,34.72,0.008,0
184,7799,2,431.92,0.008,1
184,11362,1,97.11,0.008,0
185,10512,2,551.81,0.0,0
186,11236,1,561.57,0.012,0
186,7901,1,559.66,0.012,0
187,6291,2,378.76,0.079,0
188,403,2,579.53,0.072,0
188,4207,2,477.01,0.072,1
188,6393,2,574.38,0.072,0
189,2058,1,570.16,0.047,0
189,8406,2,217.79,0.047,0
190,9956,2,524.56,0.079,0
190,8620,2,444.21,0.079,0
191,11887,2,400.06,0.031,0
191,2765,2,317.47,0.031,0
192,5654,1,449.03,0.097,0
192,1591,1,480.92,0.097,0
193,5464,1,629.59,0.045,0
194,11070,1,593.86,0.059,0
194,1481,2,686.28,0.059,0
194,1752,1,560.62,0.059,0
195,10816,1,137.87,0.038,0
195,2893,1,184.25,0.038,0
195,7755,2,766.86,0.038,0
196,11982,2,309.9,0.0,0
197,9521,1,538.83,0.075,0
197,5293,1,593.77,0.075,0
197,9453,1,290.53,0.075,0
198,3662,1,95.74,0.0,0
199,10066,1,406.81,0.066,0
199,10566,1,497.89,0.066,0
199,4228,1,652.63,0.066,1
200,3891,1,197.5,0.101,0
200,11566,2,411.49,0.101,0
201,11606,1,415.16,0.028,1
201,8019,1,830.5,0.028,1
202,10369,2,360.74,0.072,0
202,10137,2,433.07,0.072,0
203,9421,1,460.22,0.044,0
204,6725,2,572.87,0.047,0
204,1915,2,367.97,0.047,0
204,1392,2,317.1,0.047,0
205,8626,2,122.92,0.028,0
205,4488,1,406.01,0.028,0
205,4859,2,124.97,0.028,0
206,6068,2,459.86,0.041,0
206,5678,1,490.7,0.041,0
207,7334,2,489.84,0.02,0
207,9356,2,391.87,0.02,0
208,581,2,101.23,0.032,1
208,7512,2,624.68,0.032,0
209,49,2,654.33,0.016,1
209,6768,2,198.28,0.016,0
209,1638,2,192.24,0.016,0
210,412,2,59.12,0.041,0
210,1317,2,320.24,0.041,0
211,4316,2,593.8,0.015,0
211,5996,2,371.37,0.015,0
212,4090,2,331.51,0.061,1
213,4485,2,596.83,0.034,0
213,4341,1,378.4,0.034,1
214,9464,2,358.01,0.0,1
215,3025,1,372.29,0.133,0
215,2665,2,270.44,0.133,0
216,8116,1,397.89,0.024,0
216,1486,2,179.85,0.024,0
217,2856,1,336.75,0.036,0
218,10408,2,321.22,0.052,0
219,5110,1,588.2,0.072,1
219,3452,2,903.94,0.072,0
220,1126,1,504.71,0.044,0
220,10784,1,413.58,0.044,0
220,8280,2,490.74,0.044,0
221,6827,1,548.88,0.075,0
221,3512,1,399.91,0.075,0
222,4147,1,249.48,0.074,0
222,5893,1,634.19,0.074,0
223,6153,1,67.27,0.0,0
223,5281,2,517.14,0.0,0
223,7948,2,240.04,0.0,0
224,6212,1,548.11,0.058,0
224,318,2,362.23,0.058,0
225,4850,2,600.87,0.012,1
225,9730,1,958.07,0.012,0
225,11789,2,291.81,0.012,1
226,5362,2,612.5,0.04,0
226,3867,1,705.28,0.04,0
227,4649,2,425.35,0.08,0
227,11111,2,228.97,0.08,0
227,5450,1,460.86,0.08,0
228,10502,1,229.5,0.014,0
228,5662,2,406.72,0.014,0
229,9714,2,330.43,0.056,0
230,1695,1,439.15,0.11,0
230,2836,2,565.1,0.11,0
231,6919,1,358.59,0.076,0
232,4651,1,337.11,0.027,0
232,3911,1,297.47,0.027,0
233,7531,1,328.67,0.0,0
233,1430,2,592.55,0.0,0
234,4892,1,528.83,0.055,0
234,10178,2,294.32,0.055,0
235,4551,2,413.56,0.01,1
235,11088,1,477.35,0.01,0
236,8692,2,350.78,0.044,0
236,4330,2,234.37,0.044,0
237,6915,2,288.55,0.051,1
237,8065,1,171.5,0.051,0
238,6084,2,34.02,0.028,0
238,4640,1,272.79,0.028,0
239,1963,2,164.16,0.051,0
239,11933,1,299.09,0.051,0
240,8205,1,138.63,0.0,0
240,1118,1,524.99,0.0,1
240,9740,1,296.09,0.0,0
241,3971,2,721.83,0.037,0
241,7360,1,471.99,0.037,0
241,1362,2,581.52,0.037,0
242,4648,1,33.85,0.033,1
243,3251,1,495.93,0.022,0
244,10032,2,467.32,0.037,1
244,8005,1,844.68,0.037,0
244,1576,1,33.72,0.037,0
245,383,1,465.4,0.11,0
245,8698,2,354.98,0.11,1
245,11778,2,148.34,0.11,0
246,9092,2,134.36,0.06,0
247,11398,2,385.86,0.013,0
247,1266,2,729.79,0.013,0
247,753,1,303.76,0.013,0
248,1337,2,402.28,0.054,0
249,10573,2,198.85,0.057,0
249,8181,2,259.34,0.057,0
249,8962,2,82.56,0.057,0
250,6340,1,472.9,0.012,0
250,5335,1,339.66,0.012,0
250,4776,2,91.26,0.012,0
251,1315,2,370.1,0.005,0
251,7172,1,641.92,0.005,1
252,6675,1,118.81,0.053,0
252,2121,1,144.9,0.053,0
253,976,2,586.9,0.04,0
253,5153,1,499.23,0.04,0
254,11370,2,540.41,0.039,0
254,8286,1,202.66,0.039,0
254,624,1,503.71,0.039,0
255,8690,1,297.24,0.04,0
255,8317,1,345.12,0.04,0
255,6121,2,459.52,0.04,0
256,2007,1,417.66,0.082,0
257,115,2,63.61,0.061,0
257,10854,1,337.06,0.061,1
258,9593,1,621.63,0.078,0
259,8947,2,98.28,0.03,0
259,1013,1,526.87,0.03,0
259,960,2,298.95,0.03,0
260,11473,1,714.65,0.028,0
260,7374,1,881.84,0.028,0
261,4225,2,410.13,0.051,0
262,7325,1,550.06,0.0,1
262,9218,1,252.28,0.0,0
263,677,2,33.82,0.034,0
263,7294,1,126.81,0.034,0
263,5398,2,33.82,0.034,0
264,8875,2,485.58,0.046,1
265,9858,2,287.61,0.062,0
265,11256,2,288.61,0.062,0
265,7431,2,279.41,0.062,0
266,5642,1,424.91,0.079,0
267,8593,2,420.66,0.096,0
267,5978,1,517.93,0.096,1
268,11321,2,662.23,0.044,0
268,6104,2,531.04,0.044,0
268,702,1,217.56,0.044,1
269,6807,1,471.61,0.028,0
270,6520,1,877.64,0.013,0
270,2547,2,541.34,0.013,0
270,5627,2,854.76,0.013,0
271,3511,1,668.66,0.052,0
271,2196,2,453.93,0.052,1
271,6172,2,78.04,0.052,0
272,7831,1,716.39,0.066,0
273,8769,2,110.73,0.06,0
274,764,1,587.27,0.034,0
275,10170,1,377.38,0.06,0
275,6958,1,773.56,0.06,0
275,8160,2,213.64,0.06,1
276,7551,1,237.98,0.071,1
276,6059,2,351.37,0.071,0
276,5373,2,651.51,0.071,0
277,4085,1,572.91,0.1,1
277,9877,2,346.54,0.1,0
277,10838,2,625.29,0.1,0
278,11988,2,184.63,0.054,0
279,9942,2,710.14,0.0,0
279,7147,2,388.82,0.0,0
280,1997,1,293.28,0.0,0
281,5410,2,481.94,0.027,0
281,9804,2,453.55,0.027,1
281,7157,1,329.0,0.027,0
282,2368,1,275.89,0.033,1
282,11160,2,410.13,0.033,0
283,6849,1,239.75,0.065,1
283,2762,1,425.81,0.065,0
284,2622,1,465.9,0.005,0
284,200,2,727.08,0.005,1
285,9746,1,231.3,0.03,0
285,6384,1,734.78,0.03,0
285,3649,2,560.24,0.03,0
286,7262,2,333.31,0.097,0
286,11724,1,391.37,0.097,0
286,866,1,31.61,0.097,0
287,2996,2,405.18,0.099,0
287,9179,2,378.59,0.099,0
288,10451,2,450.76,0.014,0
288,10735,1,691.64,0.014,0
289,6482,2,655.03,0.081,0
290,7869,1,626.5,0.061,0
290,2371,2,338.3,0.061,0
291,9716,2,329.14,0.074,0
292,9213,1,85.56,0.103,0
293,6673,2,417.86,0.067,0
293,8854,1,613.95,0.067,0
294,6465,2,478.41,0.046,0
295,3746,2,510.08,0.009,0
295,387,2,570.43,0.009,0
296,816,2,33.18,0.052,0
296,2367,1,402.14,0.052,0
297,11018,1,216.07,0.033,0
297,2070,2,525.85,0.033,0
297,5044,1,337.49,0.033,1
298,8486,2,187.9,0.048,0
299,6093,1,162.3,0.029,0
299,11800,2,194.49,0.029,0
299,10329,1,263.17,0.029,0
300,9777,1,115.34,0.053,0
300,2015,2,662.96,0.053,0
300,5523,2,142.92,0.053,0
301,1059,1,504.98,0.105,0
301,8873,2,623.19,0.105,0
302,10189,1,206.11,0.048,0
302,6177,2,328.82,0.048,0
302,301,1,494.12,0.048,0
303,8374,1,669.93,0.031,0
303,9756,1,829.64,0.031,1
304,4413,1,456.87,0.072,0
304,8747,1,529.42,0.072,0
304,987,2,267.92,0.072,0
305,5432,1,353.29,0.06,0
305,899,1,619.98,0.06,0
305,2897,1,202.18,0.06,0
306,10261,2,513.4,0.059,0
306,709,2,659.43,0.059,0
307,3709,1,784.69,0.024,0
307,1905,2,307.47,0.024,0
308,7542,2,696.16,0.047,0
308,10847,2,313.3,0.047,0
308,7235,2,33.36,0.047,0
309,2019,2,332.61,0.057,0
309,1346,1,466.33,0.057,0
310,10531,2,161.15,0.087,0
310,7927,1,652.91,0.087,0
311,3561,2,61.49,0.027,0
311,1598,1,337.98,0.027,0
311,3030,1,199.92,0.027,0
312,11347,2,979.27,0.051,0
312,379,2,111.63,0.051,1
312,4717,2,258.2,0.051,1
313,1397,2,32.54,0.07,0
313,8051,1,748.65,0.07,0
313,8698,2,370.81,0.07,0
314,1758,2,261.28,0.062,0
314,9121,1,489.69,0.062,0
315,5809,1,142.68,0.07,1
315,3664,2,289.59,0.07,0
315,2224,2,362.48,0.07,0
316,10538,1,320.23,0.085,0
316,2139,1,269.42,0.085,0
316,3491,1,459.46,0.085,0
317,10619,1,503.45,0.099,0
318,8499,2,220.45,0.026,0
318,5113,2,172.08,0.026,1
318,9802,1,271.24,0.026,1
319,2349,1,637.7,0.014,0
319,6567,2,260.75,0.014,0
320,2668,1,556.47,0.062,0
320,8572,2,298.52,0.062,0
320,8459,2,255.06,0.062,0
321,4829,2,366.61,0.029,0
322,8090,2,432.38,0.06,0
322,6597,2,499.38,0.06,1
323,2565,1,212.13,0.047,0
323,10014,2,481.1,0.047,1
323,6393,2,589.72,0.047,0
324,5031,1,615.91,0.116,0
325,6026,1,514.01,0.08,0
325,6702,2,462.85,0.08,0
326,6245,2,445.8,0.061,0
326,526,2,475.83,0.061,0
326,1693,2,245.85,0.061,0
327,6622,2,313.9,0.088,1
327,11119,1,625.43,0.088,0
327,11846,1,1061.41,0.088,0
328,2548,1,445.05,0.106,0
328,6413,2,111.59,0.106,1
328,172,2,348.71,0.106,0
329,6374,2,179.31,0.023,0
329,7219,2,185.57,0.023,1
329,604,1,564.92,0.023,0
330,1926,2,317.03,0.0,1
330,6407,1,653.49,0.0,0
330,1569,1,436.05,0.0,1
331,265,1,492.9,0.058,0
331,2129,1,442.76,0.058,0
331,6739,1,107.3,0.058,1
332,4619,1,642.35,0.046,0
332,8198,1,231.88,0.046,0
333,8431,2,442.76,0.036,0
333,4600,2,309.03,0.036,0
333,2924,1,33.76,0.036,0
334,2340,1,423.83,0.116,0
335,8638,2,107.04,0.076,0
336,4070,2,287.28,0.038,0
336,1091,2,304.11,0.038,0
337,9313,2,478.55,0.067,0
337,1181,1,434.71,0.067,0
338,1546,1,124.92,0.095,0
338,11167,2,400.83,0.095,0
338,11653,2,187.62,0.095,0
339,4735,2,377.23,0.087,0
339,2315,1,301.98,0.087,0
339,1463,1,43.69,0.087,0
340,2958,2,440.62,0.079,0
340,7596,1,781.78,0.079,0
340,3306,2,347.66,0.079,0
341,1826,2,917.07,0.044,0
342,278,2,34.15,0.024,1
342,10953,1,578.11,0.024,0
342,5433,2,220.75,0.024,0
343,7178,1,337.44,0.114,0
343,9767,2,304.75,0.114,0
343,8092,2,326.52,0.114,0
344,11652,1,449.73,0.071,0
344,3763,2,215.3,0.071,0
345,6641,1,391.17,0.047,0
346,4703,2,594.76,0.023,1
347,1438,2,716.9,0.054,1
348,4476,2,288.58,0.072,0
348,6897,2,317.21,0.072,1
348,2845,2,32.46,0.072,1
349,5225,1,247.04,0.037,0
350,7739,1,33.5,0.043,0
351,8940,2,397.21,0.06,0
351,817,1,660.21,0.06,0
351,1664,2,74.53,0.06,0
352,6714,2,569.46,0.009,0
353,4281,1,653.25,0.028,0
354,1068,1,350.57,0.08,0
354,9957,2,476.63,0.08,0
354,6566,2,565.8,0.08,1
355,1358,2,465.06,0.075,0
355,8451,2,421.13,0.075,0
355,5564,2,526.93,0.075,0
356,4496,1,498.46,0.056,1
357,1555,2,632.18,0.035,0
358,3419,1,723.65,0.107,1
358,3732,1,31.25,0.107,0
359,6458,1,489.97,0.013,0
359,10409,2,223.99,0.013,0
360,11143,2,34.65,0.01,1
361,4104,1,312.72,0.093,0
361,2228,1,362.54,0.093,0
362,669,1,528.55,0.071,0
363,2859,2,216.11,0.082,0
363,383,1,479.96,0.082,0
363,3279,1,551.93,0.082,1
364,7128,1,369.71,0.04,0
364,11414,1,374.24,0.04,0
364,9399,2,309.36,0.04,0
365,7080,1,106.23,0.061,0
365,1046,1,189.41,0.061,0
366,999,2,425.36,0.058,0
366,3272,2,586.96,0.058,0
366,10204,2,261.22,0.058,1
367,11699,2,551.17,0.043,1
367,8313,2,342.98,0.043,1
368,4619,1,637.17,0.053,0
369,10636,1,34.83,0.005,0
370,11872,1,597.35,0.061,0
370,8176,2,220.99,0.061,0
371,6760,1,694.37,0.043,0
371,989,1,603.09,0.043,0
372,5336,2,232.76,0.056,0
372,8633,2,400.98,0.056,0
373,9402,1,308.14,0.058,1
374,9606,1,626.51,0.045,0
375,9461,1,68.05,0.031,1
375,726,2,281.95,0.031,0
376,4299,2,422.65,0.043,0
376,5859,2,609.67,0.043,0
377,3914,2,32.8,0.063,1
378,4898,1,34.0,0.029,1
379,6107,2,697.4,0.067,0
379,2701,2,197.29,0.067,0
380,4396,1,630.53,0.055,0
380,712,2,442.57,0.055,0
380,4271,2,346.69,0.055,0
381,501,1,294.88,0.097,0
381,6755,2,312.37,0.097,0
382,8933,2,284.21,0.048,0
382,5263,1,194.79,0.048,0
383,7960,2,443.21,0.076,0
383,3679,2,447.48,0.076,0
383,3454,1,242.54,0.076,0
384,1968,1,548.97,0.007,0
384,5218,1,568.74,0.007,1
384,11991,2,305.75,0.007,0
385,11718,2,407.04,0.039,0
386,3142,1,588.15,0.021,0
386,7168,1,554.45,0.021,0
386,9281,2,34.27,0.021,0
387,4683,1,408.68,0.089,0
387,846,1,397.83,0.089,0
388,11781,1,482.57,0.042,0
388,8605,1,275.63,0.042,0
388,11876,2,377.47,0.042,0
389,841,2,544.04,0.004,0
389,3420,2,89.62,0.004,0
390,9481,1,161.86,0.06,1
390,8816,2,393.49,0.06,0
390,11369,2,457.59,0.06,0
391,85,1,263.75,0.094,0
391,7639,2,156.27,0.094,1
391,8620,2,436.92,0.094,0
392,4047,1,648.54,0.071,0
393,2846,1,611.25,0.023,0
393,9856,2,534.74,0.023,0
394,164,2,389.04,0.069,0
395,1878,1,801.91,0.045,0
395,9693,1,426.24,0.045,0
395,8077,1,190.23,0.045,0
396,1607,2,433.53,0.074,1
396,11124,2,466.94,0.074,0
397,11807,2,358.74,0.089,0
397,3021,2,785.39,0.089,0
397,7601,1,727.68,0.089,0
398,6365,2,511.3,0.099,0
398,5904,1,284.73,0.099,1
399,5525,2,496.4,0.087,0
400,7502,2,263.25,0.058,0
400,4028,2,328.13,0.058,0
400,3548,1,244.98,0.058,1
401,2788,2,597.59,0.033,0
402,5693,2,729.14,0.042,0
403,1936,1,710.54,0.04,0
403,10513,2,219.34,0.04,0
403,3877,1,468.63,0.04,0
404,10135,2,198.91,0.107,0
405,11539,1,281.02,0.106,0
405,1665,2,251.43,0.106,0
405,2107,1,406.77,0.106,0
406,10735,2,652.43,0.07,0
406,4954,1,399.45,0.07,1
406,10194,1,695.12,0.07,0
407,9487,1,644.64,0.039,0
407,7521,1,33.65,0.039,0
408,2959,2,318.01,0.046,0
409,3243,2,358.94,0.086,0
409,3233,1,702.43,0.086,1
409,6024,2,503.59,0.086,0
410,4300,1,36.13,0.13,0
410,4922,2,398.29,0.13,0
410,8864,1,368.54,0.13,0
411,8857,2,190.11,0.05,0
411,8095,1,57.61,0.05,0
411,10422,1,557.75,0.05,0
412,9871,2,237.48,0.116,0
413,2903,2,456.58,0.019,0
413,10038,2,531.58,0.019,0
413,9237,2,354.32,0.019,0
414,5103,1,365.98,0.086,0
414,967,1,640.6,0.086,1
414,7494,1,371.71,0.086,0
415,4169,2,756.34,0.033,0
416,2704,1,467.12,0.033,0
416,6921,1,216.15,0.033,0
417,7571,1,623.26,0.06,0
417,10866,1,668.06,0.06,0
417,3910,1,547.87,0.06,0
418,1489,2,170.31,0.042,0
419,3553,1,413.91,0.085,0
420,3257,1,31.76,0.092,0
420,8710,2,258.15,0.092,0
421,371,2,526.8,0.093,0
421,7300,2,362.61,0.093,0
422,138,2,1021.8,0.024,0
422,7120,2,380.43,0.024,0
423,7351,2,469.55,0.082,0
423,5906,2,367.71,0.082,0
423,10474,2,525.46,0.082,0
424,10846,1,525.87,0.068,0
425,4735,2,353.19,0.145,1
426,5725,2,33.78,0.035,1
427,6186,1,61.67,0.093,0
427,1468,1,279.55,0.093,0
427,592,1,592.0,0.093,1
428,954,2,445.27,0.048,0
429,5152,2,492.86,0.034,0
430,4006,2,337.43,0.045,0
430,6809,2,180.88,0.045,0
431,5994,2,745.11,0.05,0
431,1499,2,319.82,0.05,0
431,2375,1,454.07,0.05,0
432,3248,1,630.32,0.04,0
432,702,2,218.56,0.04,1
432,7641,2,595.91,0.04,0
433,5565,1,626.56,0.078,0
433,9541,1,314.04,0.078,0
433,6809,1,174.55,0.078,0
434,988,1,393.3,0.017,0
435,8127,2,683.88,0.055,0
436,894,1,174.74,0.107,0
436,8276,2,411.98,0.107,0
436,10743,1,498.0,0.107,0
437,4800,2,276.6,0.09,0
438,6616,2,614.83,0.124,0
439,622,2,493.43,0.049,0
439,10233,1,539.33,0.049,0
439,11732,2,143.04,0.049,0
440,10787,2,432.77,0.095,0
440,6082,1,228.89,0.095,0
441,8127,1,661.18,0.087,0
441,2199,2,313.86,0.087,0
441,3589,2,332.55,0.087,0
442,9204,1,570.6,0.01,1
443,4869,1,644.23,0.024,0
444,2293,1,158.25,0.043,0
444,3100,1,614.0,0.043,0
444,9303,2,422.27,0.043,0
445,980,2,608.7,0.033,0
445,2098,2,465.9,0.033,0
446,3564,1,313.49,0.097,0
446,6987,1,194.73,0.097,0
447,5844,2,663.19,0.059,0
447,9882,1,155.31,0.059,1
447,7045,2,423.31,0.059,0
448,8595,2,372.23,0.089,0
448,5944,2,638.85,0.089,1
449,1562,2,498.93,0.0,0
450,2310,2,44.74,0.099,0
451,8220,2,397.25,0.047,0
451,1685,1,755.12,0.047,0
451,11257,2,302.17,0.047,0
452,10357,1,515.34,0.116,0
452,1151,1,595.89,0.116,0
453,6257,1,462.74,0.069,1
453,3611,2,356.62,0.069,0
453,5022,2,331.83,0.069,0
454,10796,1,591.37,0.044,0
454,9857,2,570.62,0.044,1
454,2773,2,142.17,0.044,1
455,10989,1,806.41,0.142,0
456,8072,1,377.02,0.092,1
457,6232,2,254.38,0.082,0
457,5357,1,876.26,0.082,0
457,971,1,664.77,0.082,0
458,1175,1,429.98,0.105,0
459,8039,1,393.12,0.013,0
459,602,1,420.14,0.013,0
460,3683,1,113.13,0.057,0
461,9082,2,217.49,0.112,0
461,8826,2,74.44,0.112,0
461,2377,2,399.56,0.112,0
462,2971,1,356.9,0.063,0
463,8738,1,330.57,0.082,0
463,2452,1,683.47,0.082,0
463,11036,1,237.6,0.082,0
464,3454,1,249.23,0.051,1
465,4742,2,534.81,0.045,1
465,1148,1,261.64,0.045,0
465,9362,2,571.71,0.045,0
466,1709,2,185.66,0.087,0
466,10841,1,152.03,0.087,0
466,7783,2,249.33,0.087,1
467,2878,1,369.93,0.075,0
467,1786,2,185.98,0.075,0
468,11595,2,697.91,0.008,0
469,6220,1,132.58,0.106,0
469,2111,1,169.37,0.106,1
470,8592,2,534.05,0.092,0
470,2662,2,899.6,0.092,0
470,363,2,473.99,0.092,0
471,5760,2,318.66,0.117,0
472,8840,2,526.27,0.099,1
472,1853,2,85.73,0.099,0
473,2145,2,400.47,0.016,0
474,5056,2,573.21,0.072,1
474,10169,2,455.44,0.072,0
475,10136,1,454.99,0.076,0
476,7635,2,298.0,0.127,1
476,2198,1,385.66,0.127,0
476,10701,1,325.01,0.127,0
477,7478,1,579.35,0.049,0
477,5493,2,33.3,0.049,0
477,6241,1,375.53,0.049,0
478,4876,1,412.49,0.1,0
479,681,1,371.72,0.113,0
480,5266,1,566.93,0.07,0
480,9084,1,167.96,0.07,0
481,10017,2,30.99,0.115,0
482,3072,2,486.62,0.092,0
482,11539,2,285.31,0.092,0
483,1381,2,405.84,0.082,0
483,5012,2,315.5,0.082,0
483,4127,1,409.35,0.082,0
484,10805,2,257.89,0.072,0
485,10217,2,285.06,0.091,0
485,11266,2,385.64,0.091,0
485,8151,1,44.06,0.091,0
486,7218,2,652.44,0.06,0
487,1710,1,31.43,0.102,0
488,7197,2,488.94,0.061,1
488,6019,2,634.52,0.061,0
488,1094,1,313.58,0.061,0
489,7228,2,648.03,0.067,1
490,3114,1,458.34,0.082,0
491,10818,2,646.45,0.045,0
491,7275,1,351.29,0.045,0
492,8249,1,32.03,0.085,0
492,5358,2,32.03,0.085,0
492,2629,1,366.2,0.085,0
493,1817,2,371.89,0.072,0
493,5717,2,489.18,0.072,0
494,3342,2,375.81,0.127,0
494,6383,1,636.97,0.127,0
495,7630,2,565.21,0.119,0
496,2356,2,286.61,0.134,0
496,5881,2,558.99,0.134,0
496,3175,2,425.73,0.134,0
497,9134,2,597.62,0.053,0
498,10166,2,420.43,0.076,0
498,1475,2,552.33,0.076,0
499,718,2,378.43,0.133,0
499,7334,2,433.3,0.133,0
499,385,2,475.69,0.133,0
500,1829,1,497.3,0.021,0
500,4879,2,372.75,0.021,1
501,3584,2,316.92,0.107,0
501,8348,2,220.95,0.107,0
501,2068,1,396.27,0.107,0
502,4683,1,420.91,0.062,1
503,3397,2,220.85,0.139,0
503,10884,2,187.87,0.139,0
504,8184,2,464.11,0.127,0
504,4750,2,285.63,0.127,0
505,11013,1,80.03,0.097,0
505,1379,2,431.19,0.097,0
506,6818,1,621.73,0.115,0
506,88,2,329.88,0.115,0
506,11817,1,263.51,0.115,0
507,11869,2,643.53,0.094,0
507,6680,2,271.79,0.094,0
508,11204,1,868.17,0.109,0
509,4891,2,246.3,0.081,1
509,11124,1,463.36,0.081,0
510,697,2,605.21,0.043,0
510,11221,2,516.23,0.043,0
510,5934,2,217.59,0.043,0
511,1904,1,33.21,0.051,0
511,4617,1,250.14,0.051,0
511,2906,1,489.58,0.051,1
512,6701,1,281.77,0.093,0
512,3250,1,540.07,0.093,0
512,1407,2,154.11,0.093,0
513,256,1,552.86,0.012,1
513,2508,1,440.97,0.012,0
513,10251,2,409.37,0.012,0
514,7918,1,530.04,0.042,0
514,5038,1,318.31,0.042,0
515,11373,2,401.27,0.073,0
516,5895,1,136.03,0.085,0
516,7513,2,32.01,0.085,0
516,5855,1,235.72,0.085,0
517,5129,2,269.25,0.118,0
517,11396,2,880.12,0.118,0
517,3968,2,415.67,0.118,0
518,5335,2,310.75,0.096,0
518,7677,1,731.43,0.096,0
519,7273,1,363.39,0.098,0
519,2663,1,31.57,0.098,0
520,11971,2,275.74,0.086,1
520,10344,2,380.26,0.086,0
521,6497,1,282.07,0.083,0
521,5218,1,525.37,0.083,0
522,457,1,680.6,0.048,0
522,3998,1,402.07,0.048,0
523,9141,1,342.83,0.101,0
523,10797,1,405.9,0.101,0
524,3475,1,355.04,0.072,0
524,2133,2,405.2,0.072,0
525,5590,2,170.37,0.091,0
525,8721,2,213.42,0.091,0
525,5168,1,187.0,0.091,0
526,9507,2,208.74,0.106,0
526,5383,1,418.4,0.106,0
527,9584,2,530.07,0.096,0
528,6978,1,442.58,0.134,1
529,7776,2,234.91,0.069,1
530,547,2,212.4,0.108,0
530,5694,1,261.08,0.108,0
530,1863,1,196.05,0.108,0
531,8523,2,31.23,0.108,0
531,1032,1,31.23,0.108,0
531,562,1,249.64,0.108,0
532,4591,1,386.48,0.108,0
532,5378,2,436.46,0.108,0
532,1250,1,197.41,0.108,0
533,5774,2,160.14,0.091,1
533,9552,1,443.75,0.091,0
534,9947,2,170.06,0.126,0
534,4770,2,159.85,0.126,0
535,5714,1,524.39,0.113,0
535,8867,1,701.75,0.113,0
535,6174,1,261.78,0.113,0
536,2336,2,326.34,0.114,0
536,3177,2,584.51,0.114,0
537,9023,2,472.63,0.177,1
537,177,1,28.81,0.177,1
538,4131,2,420.21,0.12,0
539,9267,1,513.74,0.098,0
539,2788,1,557.59,0.098,0
540,4694,2,290.39,0.089,1
540,2979,1,684.8,0.089,0
541,5851,2,32.21,0.08,0
541,1223,1,466.59,0.08,0
541,4283,2,318.88,0.08,1
542,10658,2,413.8,0.093,0
542,9417,1,332.87,0.093,0
542,7766,2,325.13,0.093,0
543,745,2,370.3,0.126,0
543,8804,2,576.11,0.126,0
543,11511,2,333.92,0.126,0
544,6121,1,437.61,0.086,1
545,757,2,630.44,0.094,0
545,6035,1,263.8,0.094,0
545,10669,2,922.26,0.094,0
546,11566,1,405.41,0.115,0
546,5699,1,219.97,0.115,0
547,5952,2,569.23,0.063,0
548,8620,2,435.5,0.097,0
548,2687,1,574.81,0.097,0
548,5985,2,350.45,0.097,0
549,3682,2,333.75,0.161,1
549,3531,1,454.34,0.161,0
550,10657,1,41.91,0.121,0
550,3893,2,314.74,0.121,1
550,803,2,355.64,0.121,0
551,8316,2,553.26,0.091,0
552,3791,1,51.86,0.123,0
552,9616,1,488.12,0.123,0
552,10330,1,430.31,0.123,1
553,11695,1,269.46,0.037,0
553,3302,1,428.8,0.037,0
553,8832,1,211.58,0.037,0
554,11100,1,764.21,0.066,0
555,8028,2,485.99,0.097,0
555,9439,2,783.08,0.097,0
556,11077,1,210.18,0.091,0
557,11226,1,442.12,0.124,0
557,9952,1,863.39,0.124,0
557,11827,1,426.22,0.124,1
558,10204,1,258.43,0.068,0
558,5722,1,312.13,0.068,0
559,7737,2,474.55,0.125,0
559,982,2,556.5,0.125,0
560,2218,1,467.69,0.093,0
560,9818,1,524.97,0.093,1
560,7278,2,398.93,0.093,0
561,11009,1,465.16,0.135,0
561,9085,2,366.4,0.135,0
562,3878,2,569.2,0.15,0
562,220,1,230.37,0.15,0
562,9584,1,498.66,0.15,0
563,3409,2,316.69,0.113,0
563,4091,1,348.66,0.113,0
563,3047,1,587.66,0.113,0
564,7262,2,313.96,0.149,1
564,893,1,91.13,0.149,0
564,5526,1,416.74,0.149,1
565,1200,1,572.54,0.138,0
565,1056,1,340.15,0.138,0
565,8931,2,330.41,0.138,0
566,7720,2,445.83,0.104,0
566,8630,2,275.2,0.104,0
567,11854,1,575.0,0.099,0
567,8456,2,388.51,0.099,0
568,9537,2,295.2,0.114,0
568,10723,2,600.87,0.114,0
569,4662,2,226.6,0.141,0
570,1038,2,329.67,0.113,0
570,1598,2,307.94,0.113,0
570,10006,2,593.49,0.113,0
571,304,2,537.15,0.124,0
571,8492,1,236.23,0.124,1
571,11660,1,613.22,0.124,0
572,10519,1,371.54,0.112,0
572,5064,2,282.64,0.112,0
573,4253,1,473.17,0.125,0
573,2904,1,591.26,0.125,0
573,830,1,317.64,0.125,0
574,8222,2,354.38,0.145,0
575,480,2,321.9,0.09,0
575,4126,2,392.54,0.09,0
576,189,1,522.78,0.148,1
577,7056,2,78.22,0.123,0
577,627,2,272.91,0.123,1
578,9857,2,501.0,0.161,1
579,7,1,180.52,0.109,0
579,4200,2,489.8,0.109,0
579,8890,1,323.57,0.109,0
580,5459,1,30.47,0.129,0
580,6546,2,275.12,0.129,0
581,4459,1,30.29,0.135,0
581,2665,1,269.89,0.135,0
582,7782,1,631.49,0.113,1
582,8800,2,117.35,0.113,0
582,9297,2,247.76,0.113,1
583,6680,2,251.65,0.161,0
583,7306,2,341.67,0.161,0
584,10197,1,122.9,0.13,1
585,7235,2,33.27,0.049,0
586,8771,2,593.87,0.121,0
586,7902,2,661.47,0.121,0
586,9517,1,765.42,0.121,1
587,3930,1,353.24,0.088,1
587,11504,2,219.24,0.088,0
588,11083,1,188.13,0.096,0
589,9285,1,503.74,0.187,0
589,8184,2,432.31,0.187,0
589,5568,2,335.83,0.187,0
590,7761,1,336.44,0.163,0
591,10753,2,184.18,0.162,0
591,9763,2,452.49,0.162,0
591,7216,2,584.59,0.162,0
592,3679,2,414.91,0.144,0
592,438,2,338.37,0.144,0
593,8255,1,160.75,0.13,0
593,7996,2,255.85,0.13,0
593,1476,1,217.19,0.13,0
594,10962,2,276.96,0.152,0
595,8829,2,543.59,0.116,0
596,9046,1,197.85,0.085,0
597,6031,2,357.68,0.069,1
597,2973,1,703.89,0.069,0
598,10201,2,536.19,0.14,0
599,1448,1,450.93,0.128,0
600,8830,1,508.86,0.126,0
600,10321,1,320.3,0.126,0
600,4558,2,444.0,0.126,0
601,7278,2,397.4,0.096,1
601,10895,1,810.21,0.096,0
601,5873,2,606.92,0.096,0
602,10087,1,327.61,0.152,0
603,10671,2,307.21,0.128,0
603,4141,1,137.01,0.128,0
604,7385,1,101.1,0.102,0
604,4765,2,204.11,0.102,0
605,9802,2,246.06,0.117,0
605,695,2,151.44,0.117,0
605,6124,2,618.0,0.117,0
606,10592,1,423.29,0.133,0
606,9390,2,215.7,0.133,0
606,5971,1,706.35,0.133,1
607,2081,1,341.97,0.114,0
607,11423,2,565.62,0.114,0
607,5829,1,425.32,0.114,0
608,7823,2,254.73,0.172,0
608,2235,2,302.03,0.172,0
608,10281,1,502.05,0.172,0
609,7155,1,600.39,0.142,0
609,5001,2,144.39,0.142,0
610,6241,2,326.12,0.174,0
610,4337,1,263.92,0.174,0
611,8144,2,329.04,0.137,1
612,8030,1,390.79,0.149,0
612,7650,2,624.67,0.149,0
613,752,2,365.04,0.169,0
614,9811,1,594.98,0.122,0
614,4925,2,549.51,0.122,0
614,5714,1,518.92,0.122,1
615,10255,1,70.56,0.125,0
615,8706,1,602.45,0.125,0
616,4200,1,460.98,0.161,1
616,9360,1,443.64,0.161,0
617,11916,1,157.94,0.151,0
617,7587,1,273.22,0.151,0
617,8877,1,251.12,0.151,1
618,2884,2,429.44,0.062,1
618,5534,2,221.23,0.062,0
618,2730,1,292.87,0.062,1
619,9910,2,310.96,0.152,0
619,6577,1,149.9,0.152,0
620,3186,2,397.7,0.166,0
620,6883,1,180.62,0.166,0
621,647,1,619.81,0.15,1
622,1862,2,426.05,0.121,0
623,4192,1,531.67,0.153,0
623,8705,2,326.82,0.153,0
623,10903,2,662.59,0.153,0
624,2605,2,353.29,0.153,0
624,1154,2,195.53,0.153,1
624,7761,1,340.38,0.153,0
625,5462,1,568.09,0.163,0
625,8347,2,500.8,0.163,0
626,5081,1,245.18,0.178,0
627,9149,2,549.82,0.1,0
627,10561,1,181.64,0.1,0
627,5970,2,641.39,0.1,0
628,4461,1,347.86,0.165,0
628,168,2,238.11,0.165,0
628,8116,1,340.62,0.165,0
629,8251,2,380.55,0.172,1
630,2915,1,280.29,0.165,0
630,2786,1,376.68,0.165,0
631,9418,1,293.04,0.189,1
632,8484,1,373.53,0.149,0
632,10214,2,168.44,0.149,0
633,5364,1,723.47,0.111,0
633,11876,1,350.38,0.111,0
634,5483,2,349.0,0.092,0
634,4887,2,175.01,0.092,0
634,10465,2,405.01,0.092,0
635,5370,1,490.11,0.144,0
636,7968,2,161.01,0.14,0
636,4053,1,92.78,0.14,0
636,1130,2,241.53,0.14,0
637,4389,2,82.14,0.201,1
637,41,1,618.03,0.201,1
638,7574,1,632.66,0.112,0
638,11470,1,31.08,0.112,0
638,7437,2,436.62,0.112,1
639,6955,2,474.5,0.155,0
639,4227,1,554.61,0.155,0
640,11450,2,690.64,0.141,0
640,5787,1,430.24,0.141,0
641,4969,2,286.02,0.191,0
642,11309,1,394.99,0.167,0
642,5832,1,776.74,0.167,0
643,630,1,544.13,0.101,0
643,10284,2,677.31,0.101,0
644,8418,1,30.4,0.131,0
645,3444,2,421.27,0.176,0
645,2824,2,464.2,0.176,0
645,8327,2,28.83,0.176,0
646,3416,2,594.29,0.123,0
646,9155,1,303.08,0.123,0
646,2839,1,381.1,0.123,0
647,1449,1,358.94,0.139,0
647,9907,2,275.15,0.139,0
648,10394,1,465.08,0.212,0
648,7467,2,330.65,0.212,0
648,5145,2,529.93,0.212,1
649,3362,2,415.49,0.139,0
650,9701,2,605.92,0.184,0
650,7497,2,338.18,0.184,0
650,448,1,364.67,0.184,0
651,3481,2,309.91,0.17,0
651,4245,2,266.0,0.17,1
651,4729,1,289.76,0.17,0
652,10337,1,299.81,0.151,0
652,3894,1,207.18,0.151,0
652,6503,1,569.53,0.151,0
653,4290,2,367.68,0.178,1
653,2804,2,28.77,0.178,1
653,6328,2,298.39,0.178,0
654,7243,2,284.57,0.197,0
654,3430,2,486.38,0.197,0
654,123,1,404.38,0.197,0
655,1317,2,263.59,0.211,1
655,5665,2,368.25,0.211,1
656,2236,1,442.61,0.088,1
656,7752,1,146.7,0.088,0
656,248,1,239.08,0.088,0
657,7224,1,406.74,0.143,1
657,223,1,610.34,0.143,1
657,11601,1,342.34,0.143,0
658,11913,2,206.44,0.083,0
658,10427,2,415.29,0.083,0
659,2677,2,127.05,0.161,0
660,9891,2,101.14,0.17,0
660,9070,2,379.75,0.17,1
661,10781,2,417.85,0.097,0
661,8610,2,302.58,0.097,0
661,2221,1,561.19,0.097,0
662,2202,1,357.35,0.175,0
662,2607,2,37.78,0.175,0
662,3863,2,246.31,0.175,1
663,6935,2,448.73,0.21,1
663,9114,2,159.23,0.21,1
664,8989,2,440.11,0.193,1
664,7541,2,347.25,0.193,0
664,6477,2,239.05,0.193,0
665,965,2,403.31,0.142,0
665,4001,1,273.77,0.142,0
666,1621,1,236.75,0.156,0
667,8370,1,365.62,0.161,0
667,9884,1,163.79,0.161,0
667,7922,1,784.94,0.161,0
668,1599,2,586.56,0.126,1
669,4320,2,321.79,0.108,0
670,3902,1,248.88,0.147,0
670,11210,2,627.58,0.147,0
671,233,2,174.79,0.126,0
672,9365,1,398.57,0.132,0
672,9299,2,589.5,0.132,0
673,8836,1,46.18,0.151,0
673,2028,2,646.93,0.151,0
674,4559,2,541.63,0.155,1
674,32,1,421.83,0.155,1
675,10872,2,29.52,0.157,0
676,2499,2,420.76,0.164,0
677,9099,2,459.51,0.172,0
677,1360,1,445.13,0.172,0
678,11556,2,443.01,0.168,0
678,5394,1,336.27,0.168,0
679,4797,1,286.1,0.152,0
679,11726,2,470.96,0.152,0
680,6902,1,283.07,0.132,0
680,4390,2,314.48,0.132,0
680,1246,2,88.76,0.132,0
681,461,2,230.41,0.18,1
681,5903,2,304.16,0.18,0
682,4041,2,248.05,0.19,1
682,6099,2,429.35,0.19,0
682,6793,2,188.19,0.19,0
683,6744,1,629.1,0.157,1
683,5362,1,538.0,0.157,0
683,10993,2,249.4,0.157,1
684,7344,2,347.7,0.16,0
684,1485,2,406.23,0.16,0
685,7428,1,323.4,0.184,1
686,9910,1,303.29,0.172,0
686,347,1,57.03,0.172,0
686,6200,2,53.98,0.172,0
687,1070,2,469.08,0.115,0
687,2890,2,499.08,0.115,0
687,11189,2,372.35,0.115,0
688,9329,2,271.07,0.111,1
688,10058,1,630.11,0.111,0
688,10892,2,224.38,0.111,0
689,2069,1,264.41,0.157,0
690,11111,1,198.73,0.201,0
691,10243,1,652.79,0.142,0
692,6978,2,427.92,0.162,0
692,8711,2,460.42,0.162,0
693,3909,1,607.33,0.118,0
693,3766,1,98.15,0.118,0
693,2939,2,211.12,0.118,0
694,7456,1,193.21,0.18,0
694,1247,1,307.85,0.18,0
695,4184,1,180.4,0.117,1
695,11858,2,191.86,0.117,0
696,9273,2,306.5,0.181,0
696,9537,1,272.78,0.181,0
697,6722,1,508.63,0.159,0
697,640,1,259.33,0.159,0
698,2970,2,452.45,0.181,0
698,6525,2,264.35,0.181,0
699,3177,1,561.4,0.149,0
699,6020,1,532.94,0.149,0
699,436,1,562.89,0.149,0
700,3896,2,735.41,0.183,1
701,6872,1,300.91,0.183,0
701,10639,1,683.02,0.183,0
701,1468,1,251.7,0.183,0
702,1823,1,171.86,0.203,1
702,10204,1,220.77,0.203,1
702,11803,2,106.79,0.203,0
703,3924,2,102.45,0.147,0
703,11635,2,567.73,0.147,1
704,8983,1,330.51,0.172,0
705,3345,1,254.68,0.175,0
706,356,1,644.38,0.103,0
706,4693,1,334.43,0.103,0
706,11625,1,308.79,0.103,1
707,3911,2,237.2,0.224,0
707,11397,2,382.57,0.224,0
707,9240,1,553.3,0.224,0
708,1689,1,314.98,0.148,0
709,5958,1,149.46,0.158,0
710,7343,2,485.24,0.175,0
710,1244,2,640.57,0.175,0
710,6921,2,184.34,0.175,0
711,10056,2,81.27,0.166,0
711,7249,1,498.55,0.166,1
711,7320,1,175.41,0.166,0
712,758,1,480.65,0.103,0
713,8547,2,218.98,0.171,1
713,9891,2,100.97,0.171,0
714,4835,2,461.36,0.127,0
715,996,1,349.51,0.184,0
716,4154,2,177.21,0.146,0
716,376,1,29.89,0.146,1
717,9955,2,290.22,0.148,0
718,11299,1,253.25,0.156,0
718,11526,1,477.73,0.156,0
719,3953,1,196.91,0.184,0
720,3756,2,612.27,0.166,0
720,10813,2,29.18,0.166,0
720,3886,1,59.06,0.166,0
721,33,2,436.09,0.127,0
721,10170,2,350.46,0.127,0
722,8723,2,234.22,0.174,0
722,11261,1,302.12,0.174,0
722,6129,1,135.34,0.174,0
723,7936,2,55.49,0.178,1
723,5104,1,341.59,0.178,1
724,11777,1,530.71,0.228,0
724,3733,1,279.35,0.228,0
724,8209,1,411.81,0.228,0
725,1778,2,29.04,0.17,1
726,2944,1,598.73,0.14,1
727,4425,2,34.92,0.145,0
727,2918,2,289.56,0.145,0
728,10126,2,163.68,0.141,0
728,3459,1,309.19,0.141,0
728,11942,2,365.95,0.141,0
729,8844,1,370.5,0.251,0
730,5977,2,76.01,0.103,0
731,9312,2,64.57,0.139,0
732,11608,2,757.27,0.106,0
733,2340,2,387.3,0.192,0
733,30,2,588.89,0.192,0
734,3593,2,29.5,0.157,0
735,4593,2,117.9,0.183,0
735,10349,2,439.53,0.183,0
736,3724,2,227.25,0.102,0
736,9730,1,870.93,0.102,0
737,3737,1,519.75,0.172,0
737,8131,1,28.98,0.172,0
737,5967,1,195.14,0.172,0
738,11070,1,525.74,0.167,0
738,7072,1,686.22,0.167,0
739,1187,1,307.42,0.159,0
739,4227,2,551.89,0.159,0
739,1253,2,383.75,0.159,0
740,10459,1,210.65,0.175,0
741,9161,1,377.32,0.133,0
742,8215,1,612.56,0.129,1
742,10153,1,230.64,0.129,1
743,10754,1,421.3,0.14,0
743,4793,2,330.72,0.14,0
744,46,2,327.75,0.188,0
744,10311,2,157.33,0.188,0
745,3479,1,343.86,0.183,0
746,1558,2,181.79,0.192,0
746,793,1,88.7,0.192,0
747,6969,1,473.63,0.189,1
748,4768,2,401.07,0.165,0
748,5761,1,29.21,0.165,0
749,6945,2,390.56,0.156,0
749,11790,1,368.64,0.156,0
750,4480,2,672.3,0.166,0
751,2365,2,137.91,0.163,1
751,10519,1,350.19,0.163,0
751,2053,1,29.28,0.163,0
752,8228,2,115.39,0.126,0
753,6373,2,180.7,0.217,0
753,11853,2,163.69,0.217,0
753,8012,1,388.75,0.217,0
754,5917,1,334.37,0.11,0
755,6575,2,187.82,0.174,0
756,10850,1,458.0,0.189,0
756,11471,2,253.57,0.189,0
757,3598,2,471.67,0.123,0
758,72,2,612.82,0.165,0
758,8422,2,335.25,0.165,0
758,4945,1,119.33,0.165,0
759,10362,1,423.38,0.138,0
760,2677,2,123.73,0.183,0
760,1091,2,258.13,0.183,0
761,7995,2,374.62,0.15,0
762,10415,1,447.54,0.201,0
763,11175,1,382.31,0.136,0
764,767,2,559.5,0.217,0
764,4277,1,537.41,0.217,0
764,10726,1,201.26,0.217,0
765,1900,2,446.24,0.119,0
766,7485,2,27.57,0.212,1
766,2235,2,287.23,0.212,0
767,10104,1,212.77,0.226,0
768,9768,2,198.85,0.189,0
768,3964,2,408.64,0.189,0
769,3840,1,322.07,0.128,1
769,3849,2,300.74,0.128,0
769,1531,2,473.03,0.128,0
770,11876,1,332.4,0.157,0
770,1631,1,165.52,0.157,1
770,3031,2,29.51,0.157,0
771,721,1,412.56,0.182,0
771,6663,2,468.95,0.182,0
772,9638,2,484.75,0.146,0
772,5045,1,286.19,0.146,1
773,10028,1,441.81,0.216,0
773,7842,2,483.03,0.216,0
774,1518,1,159.61,0.155,0
775,3157,1,632.53,0.187,0
776,8376,2,500.54,0.162,0
776,4122,1,29.32,0.162,0
777,11304,2,260.63,0.193,1
777,3427,1,124.94,0.193,0
778,10646,2,571.52,0.188,0
778,2931,2,279.03,0.188,1
778,4995,1,303.34,0.188,1
779,7108,1,215.8,0.22,0
780,6504,1,226.96,0.111,0
781,11599,1,188.06,0.144,0
782,8982,1,228.16,0.126,0
782,998,2,640.71,0.126,1
783,10617,2,488.33,0.186,0
784,2562,1,634.27,0.21,0
785,5793,2,167.63,0.174,0
785,6737,2,417.57,0.174,0
786,3278,2,315.11,0.131,0
786,6431,2,53.3,0.131,0
787,3792,1,277.9,0.137,0
787,6188,1,355.85,0.137,0
787,11667,2,327.72,0.137,0
788,3943,1,451.84,0.154,1
789,9197,2,294.41,0.177,0
789,4332,2,309.7,0.177,0
789,2655,1,172.54,0.177,0
790,8699,1,294.81,0.145,0
790,149,1,166.12,0.145,0
791,9374,2,45.84,0.127,0
791,6596,2,30.54,0.127,0
791,8556,1,532.95,0.127,0
792,4888,2,306.4,0.182,0
792,11301,2,611.55,0.182,0
793,9199,2,136.28,0.145,0
794,10524,2,432.94,0.142,0
794,6647,2,249.9,0.142,0
795,9699,1,291.06,0.194,1
796,5765,2,633.89,0.087,0
797,6835,1,337.82,0.131,0
798,7517,1,239.84,0.148,0
798,9769,2,326.8,0.148,0
799,7429,1,352.58,0.121,0
800,7791,1,186.3,0.22,0
800,1455,2,511.43,0.22,0
801,2613,1,311.77,0.116,0
802,1497,1,408.2,0.153,0
802,7566,2,563.63,0.153,1
803,3063,2,415.97,0.171,1
803,6549,2,247.69,0.171,0
803,1313,1,505.21,0.171,0
804,10542,2,181.44,0.177,0
804,5738,1,427.76,0.177,0
804,6441,1,573.13,0.177,0
805,1146,2,155.1,0.2,1
805,11977,2,402.95,0.2,0
805,9227,2,309.4,0.2,1
806,6680,1,255.18,0.149,0
806,8854,1,560.26,0.149,0
807,3485,1,476.67,0.192,1
807,6317,1,498.5,0.192,0
807,8209,2,431.23,0.192,0
808,11346,2,393.66,0.137,0
808,1754,1,864.87,0.137,0
808,6219,1,280.64,0.137,0
809,11943,2,230.31,0.208,0
809,10755,2,212.81,0.208,0
809,1828,2,658.62,0.208,0
810,10174,2,393.5,0.174,1
810,9234,2,366.24,0.174,0
811,3271,1,553.19,0.193,0
811,10576,2,100.97,0.193,0
811,10128,2,349.18,0.193,1
812,9972,1,28.76,0.178,0
812,3675,1,397.93,0.178,0
812,9809,1,272.38,0.178,1
813,4822,1,464.27,0.179,0
814,8555,2,30.72,0.122,0
814,6108,1,269.93,0.122,0
814,5945,2,668.06,0.122,0
815,6308,2,101.58,0.216,0
815,9651,2,27.43,0.216,0
815,8636,1,388.55,0.216,1
816,1503,2,96.31,0.192,1
816,10,2,421.59,0.192,0
816,8411,2,432.42,0.192,0
817,10042,2,255.75,0.168,0
817,539,1,282.55,0.168,0
817,7764,1,291.76,0.168,1
818,9334,2,416.94,0.175,0
819,4011,2,640.68,0.172,0
820,5075,2,322.03,0.123,0
820,840,1,30.7,0.123,0
820,1340,1,93.94,0.123,0
821,4695,2,674.09,0.171,0
821,3402,2,215.61,0.171,1
821,11024,1,341.94,0.171,0
822,2872,1,392.57,0.175,0
822,9224,1,627.56,0.175,0
822,7328,1,443.69,0.175,0
823,8871,1,194.04,0.167,0
824,9276,2,435.38,0.17,0
825,7654,2,270.77,0.164,1
825,7884,1,374.54,0.164,0
825,2969,1,306.36,0.164,0
826,8329,1,394.48,0.201,0
827,10324,2,357.33,0.169,0
827,9629,1,105.57,0.169,0
828,3434,2,615.16,0.143,0
828,4602,1,450.71,0.143,0
829,6332,2,396.34,0.143,1
829,10158,1,538.84,0.143,0
830,8114,2,248.57,0.191,0
830,750,2,556.34,0.191,0
831,3788,1,355.19,0.166,0
831,440,2,45.86,0.166,1
831,4191,1,593.13,0.166,1
832,9155,1,293.59,0.15,0
832,1062,1,277.59,0.15,0
832,1696,2,133.82,0.15,0
833,11930,1,704.31,0.179,1
833,4144,2,117.18,0.179,0
833,7367,2,309.18,0.179,0
834,3061,1,295.38,0.175,0
835,9327,2,503.98,0.144,1
836,270,2,281.32,0.171,0
836,11862,1,629.14,0.171,0
837,6698,2,30.01,0.143,0
837,7515,1,247.94,0.143,0
837,4187,2,605.97,0.143,0
838,5605,1,460.3,0.178,0
838,4760,1,154.3,0.178,0
839,10174,2,406.25,0.147,0
839,3569,1,492.54,0.147,0
840,4074,1,298.81,0.155,0
840,8303,1,373.7,0.155,0
840,6909,1,134.65,0.155,0
841,9409,1,236.6,0.18,0
841,6150,2,412.65,0.18,0
841,2054,1,501.64,0.18,0
842,5626,2,45.18,0.182,0
842,8955,2,136.77,0.182,0
843,3857,1,329.18,0.122,0
844,1290,2,171.32,0.143,0
844,2999,1,519.91,0.143,1
844,1041,2,117.77,0.143,0
845,8037,1,275.44,0.155,0
845,7410,1,383.18,0.155,0
846,2171,1,73.74,0.157,0
846,2517,1,633.52,0.157,0
846,4563,1,446.98,0.157,0
847,1474,2,133.99,0.178,0
848,199,2,210.66,0.099,0
848,7082,2,368.69,0.099,0
848,6204,1,442.77,0.099,0
849,7398,2,304.1,0.108,1
849,3926,1,300.56,0.108,0
849,3787,1,562.41,0.108,0
850,1346,2,424.63,0.141,0
850,8115,1,413.17,0.141,1
850,9587,2,324.42,0.141,0
851,10447,2,148.68,0.15,0
851,6528,1,392.19,0.15,0
851,9579,2,318.25,0.15,0
852,8538,2,443.62,0.083,0
853,8152,1,338.8,0.177,0
853,10855,2,375.82,0.177,0
853,5669,1,843.08,0.177,1
854,4620,1,478.64,0.142,0
854,10152,2,659.84,0.142,0
854,8354,2,402.01,0.142,1
855,4490,2,28.93,0.174,0
855,3474,2,308.57,0.174,0
856,5931,2,797.99,0.138,0
856,8502,1,269.66,0.138,1
856,2038,2,211.17,0.138,1
857,8488,2,174.68,0.159,0
857,1657,2,625.77,0.159,0
857,11500,2,316.24,0.159,0
858,11678,2,159.46,0.151,0
858,10073,2,321.59,0.151,0
858,10583,1,489.04,0.151,0
859,1074,1,471.75,0.203,0
860,10440,2,813.2,0.178,0
861,4296,2,185.66,0.121,0
862,2078,2,155.4,0.214,0
862,2425,1,423.34,0.214,0
863,8756,1,556.42,0.138,0
864,7945,1,302.44,0.17,0
865,2053,2,27.36,0.218,0
865,1836,1,301.75,0.218,0
865,5513,2,294.36,0.218,1
866,7230,2,634.41,0.174,0
867,5964,2,298.38,0.164,0
868,7935,2,531.32,0.139,0
869,10438,1,435.88,0.137,0
870,4715,1,137.62,0.132,0
870,3735,1,375.23,0.132,0
871,7408,1,526.94,0.129,0
871,8707,1,427.76,0.129,0
872,11567,1,429.87,0.137,1
872,11012,2,367.88,0.137,0
873,8351,1,626.09,0.114,0
873,1715,1,31.02,0.114,0
874,6597,1,440.09,0.172,0
874,6692,2,486.36,0.172,0
875,5156,1,130.28,0.19,0
875,3332,2,542.46,0.19,0
875,171,2,357.1,0.19,0
876,8216,1,606.17,0.154,0
876,2179,1,434.17,0.154,1
876,3409,1,301.87,0.154,0
877,357,2,455.84,0.148,0
877,2449,1,323.69,0.148,0
877,176,2,576.88,0.148,0
878,4266,2,31.97,0.087,1
879,7520,2,201.08,0.205,0
879,8898,2,378.51,0.205,0
880,6554,1,166.06,0.194,0
881,3969,1,384.64,0.209,0
881,8633,1,336.08,0.209,1
882,8072,1,355.65,0.144,0
882,2095,2,455.06,0.144,0
882,958,1,326.9,0.144,1
883,10275,1,451.92,0.218,0
883,3973,1,409.69,0.218,1
883,3874,2,143.86,0.218,0
884,4883,2,823.92,0.168,0
884,2040,1,83.16,0.168,0
885,8772,2,269.36,0.104,0
886,10473,1,272.4,0.122,0
887,4091,2,329.61,0.161,1
887,3276,2,424.96,0.161,0
888,7725,1,238.04,0.171,0
888,9292,1,403.33,0.171,0
889,9655,1,496.05,0.176,0
889,2815,2,236.29,0.176,1
890,9352,2,163.54,0.114,0
891,9452,1,453.86,0.158,0
891,5004,1,443.38,0.158,0
892,3675,2,420.56,0.131,0
892,8159,1,440.01,0.131,1
892,6491,2,574.16,0.131,1
893,3642,2,509.09,0.17,0
894,10309,2,242.63,0.135,1
894,9711,2,502.02,0.135,0
894,6525,2,279.06,0.135,0
895,10885,1,417.19,0.197,0
895,8809,2,261.3,0.197,0
895,5103,2,321.59,0.197,0
896,5933,1,678.41,0.14,0
897,9276,2,436.56,0.167,0
897,1483,2,171.52,0.167,0
898,553,1,236.53,0.188,0
898,1881,2,226.75,0.188,1
898,4539,1,204.35,0.188,0
899,1372,2,309.24,0.166,0
900,1841,1,362.2,0.209,1
900,5290,2,267.62,0.209,1
900,11871,1,557.19,0.209,1
901,10547,2,374.1,0.097,0
901,807,2,418.87,0.097,0
902,10400,2,481.87,0.135,0
903,2443,2,159.7,0.178,0
904,4302,2,666.11,0.129,0
904,6615,2,432.26,0.129,0
905,11541,2,227.75,0.121,0
905,6948,1,338.86,0.121,0
906,6244,2,316.5,0.197,0
906,2427,2,227.12,0.197,0
907,7743,2,366.41,0.147,0
907,6230,2,171.22,0.147,0
907,4414,2,526.36,0.147,0
908,3951,2,80.88,0.161,0
909,11906,1,813.16,0.102,0
909,9535,2,225.12,0.102,0
909,11391,2,410.07,0.102,0
910,11978,2,408.39,0.101,0
911,11003,2,473.59,0.148,0
911,5833,1,29.83,0.148,0
912,6734,2,332.58,0.142,0
913,5916,2,323.66,0.171,1
914,2571,1,322.98,0.196,0
914,3620,2,292.88,0.196,0
914,1566,1,410.59,0.196,0
915,7402,2,474.62,0.136,0
916,1777,1,504.54,0.114,0
916,10437,2,373.81,0.114,0
917,6511,1,412.18,0.125,1
917,7290,2,89.22,0.125,0
917,9613,1,646.36,0.125,1
918,2922,1,219.39,0.16,0
919,9913,1,154.48,0.103,1
920,6889,2,326.6,0.111,0
920,2078,1,175.69,0.111,0
921,11459,1,231.8,0.17,1
921,7320,2,174.57,0.17,1
922,10160,2,489.35,0.144,1
923,5714,2,535.26,0.095,0
923,6266,1,616.72,0.095,0
924,1605,2,287.23,0.166,0
925,2191,2,494.99,0.168,0
925,5289,2,182.5,0.168,0
925,11330,1,434.52,0.168,0
926,8756,1,550.64,0.147,0
926,1423,1,324.57,0.147,0
926,11364,1,602.24,0.147,0
927,8412,1,486.72,0.137,0
927,11412,2,281.29,0.137,0
927,7671,1,678.13,0.137,0
928,6375,1,429.76,0.144,0
928,6717,1,73.1,0.144,0
928,2720,1,234.83,0.144,0
929,6934,1,437.7,0.164,0
929,44,2,260.57,0.164,0
930,4172,2,580.47,0.117,0
931,7205,1,781.44,0.125,0
931,377,1,378.37,0.125,0
932,10927,1,292.53,0.097,0
932,2831,2,173.43,0.097,0
932,5815,1,716.82,0.097,0
933,1828,1,666.18,0.199,0
933,7526,2,583.75,0.199,0
933,9889,2,490.15,0.199,0
934,897,2,338.96,0.156,1
934,950,2,352.47,0.156,1
935,11786,2,400.58,0.093,0
936,1302,1,602.53,0.135,0
937,10238,1,334.14,0.108,0
937,11786,2,393.71,0.108,0
938,1702,1,157.31,0.178,0
938,8377,1,355.87,0.178,0
939,1576,1,29.59,0.155,0
939,7631,2,584.47,0.155,1
939,11565,2,458.23,0.155,0
940,4111,2,753.34,0.134,1
940,11802,2,393.39,0.134,0
941,9499,1,346.5,0.095,0
942,3831,2,364.4,0.178,0
942,2552,2,370.47,0.178,0
942,681,1,344.63,0.178,0
943,11308,1,597.55,0.106,0
944,1914,2,31.1,0.111,0
944,10291,1,615.99,0.111,0
945,2129,1,418.25,0.11,0
945,9013,2,31.15,0.11,0
946,9194,2,201.51,0.112,0
947,6385,1,126.19,0.136,0
947,7620,2,734.9,0.136,0
947,7127,2,495.45,0.136,0
948,4064,1,301.58,0.161,0
948,8473,1,487.85,0.161,0
949,11867,1,475.08,0.125,1
949,3695,1,468.42,0.125,0
950,8071,2,548.34,0.122,0
950,11868,1,376.03,0.122,1
951,5758,1,447.96,0.203,0
952,3557,2,557.59,0.151,1
952,1738,1,477.93,0.151,1
953,3070,2,77.91,0.15,0
953,4037,1,184.14,0.15,0
953,9766,1,358.22,0.15,0
954,8364,1,320.98,0.093,0
955,9248,2,87.78,0.09,0
956,3292,1,150.44,0.126,0
956,10967,2,192.05,0.126,0
957,4737,2,616.72,0.139,0
957,2947,1,78.62,0.139,0
958,10484,2,277.13,0.127,0
959,8665,2,460.06,0.136,0
959,10231,2,502.49,0.136,0
960,10197,1,121.15,0.142,0
961,2777,1,393.68,0.12,0
961,3885,1,186.14,0.12,0
962,8361,2,367.41,0.2,1
962,5534,1,188.67,0.2,1
963,2066,2,181.57,0.14,0
963,3452,2,837.16,0.14,0
963,5169,2,324.24,0.14,1
964,3318,2,480.05,0.112,0
965,10971,2,218.6,0.117,1
966,9687,2,159.9,0.142,0
966,9027,1,30.03,0.142,0
966,11358,2,619.52,0.142,0
967,6682,2,456.91,0.125,0
968,11046,2,264.18,0.109,0
968,3339,1,801.44,0.109,1
968,7234,1,283.67,0.109,0
969,11701,1,373.64,0.097,0
969,7256,1,238.6,0.097,0
970,6287,2,324.8,0.119,0
970,6119,1,441.95,0.119,0
970,5052,2,636.1,0.119,1
971,10807,1,388.09,0.146,0
972,7092,2,103.08,0.111,0
973,5599,1,536.47,0.113,0
973,1597,1,390.52,0.113,0
973,11076,1,582.88,0.113,0
974,1204,1,356.33,0.121,0
974,5974,1,321.94,0.121,0
975,3814,2,361.52,0.141,0
976,1914,1,32.28,0.078,0
976,9206,2,560.32,0.078,0
976,6558,2,530.14,0.078,0
977,3691,1,160.99,0.129,1
978,506,1,155.94,0.126,1
978,7451,1,730.68,0.126,0
979,7758,1,503.56,0.144,0
979,479,2,304.57,0.144,0
979,8956,1,247.17,0.144,0
980,5944,1,651.04,0.072,0
980,6188,2,382.59,0.072,1
980,514,2,407.42,0.072,0
981,7905,1,321.75,0.086,0
981,3002,1,472.71,0.086,0
981,11087,2,442.47,0.086,0
982,3132,2,297.74,0.039,0
982,606,1,335.84,0.039,0
982,2312,1,164.61,0.039,0
983,7930,2,425.75,0.128,0
984,2395,1,297.92,0.152,0
984,7788,2,304.63,0.152,0
984,6698,2,29.67,0.152,0
985,6928,1,436.2,0.176,0
986,346,1,369.51,0.116,0
986,3651,2,722.15,0.116,0
987,1927,2,258.58,0.187,0
988,7227,2,295.46,0.113,0
988,6151,1,187.47,0.113,0
988,8275,1,608.19,0.113,0
989,1504,2,29.48,0.158,0
989,11205,1,318.95,0.158,0
990,11542,2,335.47,0.082,0
990,2266,1,32.12,0.082,0
990,9659,2,466.22,0.082,0
991,10439,1,658.88,0.127,0
991,9876,1,566.42,0.127,0
992,7130,2,335.29,0.073,0
992,3929,1,473.86,0.073,0
992,2818,2,366.89,0.073,0
993,3207,2,172.3,0.116,0
993,10767,1,527.64,0.116,0
994,2675,1,751.94,0.135,0
994,8495,1,469.03,0.135,0
995,11772,2,353.04,0.132,0
995,1562,1,433.03,0.132,0
995,3632,2,182.79,0.132,1
996,5383,1,420.06,0.103,0
996,4887,2,172.86,0.103,0
997,1024,1,112.62,0.079,0
997,3246,1,152.88,0.079,0
997,4499,1,229.39,0.079,0
998,557,1,217.1,0.125,0
998,11589,2,268.88,0.125,1
999,3693,1,218.52,0.165,0
999,6000,1,369.71,0.165,0
1000,6851,1,360.85,0.068,1
1000,4553,1,522.79,0.068,1
1001,11453,1,445.77,0.082,0
1002,404,1,583.93,0.057,0
1002,6817,2,333.92,0.057,0
1002,4316,2,568.93,0.057,0
1003,8506,2,376.61,0.106,0
1003,6160,1,360.15,0.106,0
1004,9848,1,345.17,0.097,1
1005,2691,1,386.8,0.124,0
1005,6100,2,304.9,0.124,0
1006,11783,2,228.53,0.143,0
1006,672,1,744.0,0.143,0
1006,784,2,459.48,0.143,0
1007,712,1,425.47,0.091,0
1008,3231,1,327.4,0.066,0
1008,11873,1,661.82,0.066,0
1008,3992,1,273.02,0.066,0
1009,691,2,379.75,0.105,0
1009,7025,2,441.06,0.105,0
1009,3137,1,445.9,0.105,0
1010,1874,1,430.21,0.085,0
1010,3748,1,461.48,0.085,0
1011,7866,2,521.97,0.095,0
1011,9907,2,289.37,0.095,1
1012,2383,1,283.05,0.117,0
1013,6882,1,30.7,0.123,1
1013,4555,1,159.55,0.123,0
1014,8675,2,525.38,0.13,0
1014,2892,1,101.39,0.13,0
1014,6323,2,401.94,0.13,0
1015,7946,2,179.0,0.139,0
1016,6804,2,54.26,0.068,0
1016,7351,2,476.93,0.068,0
1017,2167,2,439.63,0.102,0
1017,8055,2,325.56,0.102,0
1017,3307,1,364.24,0.102,0
1018,3197,1,541.03,0.12,0
1019,5578,1,471.66,0.082,0
1020,11680,2,368.31,0.188,0
1020,10816,1,116.32,0.188,1
1020,8311,2,567.57,0.188,0
1021,9475,1,673.52,0.114,0
1021,2604,2,31.0,0.114,0
1022,1895,1,318.89,0.097,0
1022,5738,1,469.21,0.097,0
1022,6791,1,625.34,0.097,0
1023,7446,2,405.86,0.147,0
1024,796,1,438.52,0.074,1
1025,5000,1,186.57,0.112,0
1025,1552,2,63.16,0.112,0
1026,6608,2,536.96,0.099,0
1027,6694,2,388.97,0.111,1
1028,8493,2,443.78,0.11,1
1028,8012,1,442.14,0.11,0
1029,11413,1,31.07,0.112,0
1029,9484,1,345.93,0.112,0
1030,3389,1,392.06,0.141,0
1031,5064,2,288.16,0.095,0
1031,2119,1,515.98,0.095,0
1031,5098,1,416.34,0.095,0
1032,589,2,485.54,0.108,0
1032,6866,1,615.38,0.108,0
1032,2357,2,235.64,0.108,0
1033,11455,2,233.13,0.065,0
1034,9852,1,401.63,0.155,0
1034,2079,1,491.18,0.155,0
1034,4390,2,306.26,0.155,0
1035,7648,2,628.27,0.101,0
1035,2292,2,31.46,0.101,0
1035,11957,2,601.42,0.101,0
1036,9396,2,166.35,0.087,0
1036,344,2,351.24,0.087,0
1037,6950,2,333.83,0.071,0
1038,1319,2,520.75,0.08,0
1038,3105,1,500.71,0.08,0
1039,6700,2,579.19,0.118,0
1039,9640,1,141.18,0.118,0
1039,6076,1,194.43,0.118,0
1040,8777,2,420.99,0.118,0
1040,116,2,495.43,0.118,0
1041,5184,1,287.34,0.172,0
1042,4766,1,559.07,0.017,0
1043,7906,1,31.56,0.098,0
1043,10124,1,556.98,0.098,0
1043,5318,1,330.71,0.098,0
1044,10783,2,650.17,0.072,0
1044,5127,1,359.18,0.072,1
1044,71,1,177.69,0.072,0
1045,3431,1,589.01,0.078,0
1046,2151,2,583.11,0.059,0
1046,1044,1,508.97,0.059,0
1047,11146,1,451.89,0.094,0
1047,3285,2,608.87,0.094,0
1047,1474,1,147.64,0.094,0
1048,8653,1,394.86,0.07,0
1049,11488,2,121.6,0.062,0
1049,8503,1,145.36,0.062,0
1050,5130,1,430.5,0.149,0
1051,11499,2,385.26,0.089,0
1052,7651,1,208.39,0.12,0
1053,5403,2,592.43,0.074,0
1054,3791,1,53.93,0.088,0
1055,9690,2,585.91,0.042,0
1055,9760,2,663.59,0.042,1
1056,11326,2,445.67,0.064,0
1056,3301,2,51.82,0.064,0
1056,4915,2,628.47,0.064,0
1057,8487,2,201.18,0.111,0
1057,7510,2,482.17,0.111,0
1058,771,2,324.96,0.127,0
1058,8843,1,200.13,0.127,0
1059,4517,2,472.98,0.057,1
1059,8139,2,33.01,0.057,0
1060,215,1,341.28,0.058,0
1061,1639,2,711.27,0.106,1
1062,8606,2,405.92,0.111,0
1063,3655,1,182.15,0.077,1
1063,8592,2,542.83,0.077,0
1063,2333,2,208.06,0.077,0
1064,5553,2,153.05,0.079,0
1064,8010,2,389.28,0.079,1
1064,5284,1,551.82,0.079,0
1065,8294,1,30.69,0.123,0
1066,204,1,298.56,0.14,0
1066,2359,2,131.52,0.14,0
1067,2438,1,292.56,0.059,0
1067,4517,2,472.0,0.059,0
1068,6720,2,399.19,0.083,0
1068,10062,2,295.31,0.083,0
1069,8969,1,327.04,0.156,1
1070,9917,1,287.79,0.08,1
1070,7886,2,521.39,0.08,0
1070,8693,1,294.52,0.08,0
1071,5251,1,387.72,0.114,0
1072,11101,1,436.92,0.05,0
1072,11883,1,252.85,0.05,0
1072,5847,1,767.58,0.05,0
1073,9486,1,121.23,0.048,0
1074,11581,2,313.12,0.074,1
1074,3662,1,88.68,0.074,0
1075,8700,2,444.52,0.142,0
1076,1022,1,391.73,0.079,0
1076,1906,1,138.0,0.079,0
1076,9704,1,477.99,0.079,0
1077,7743,1,408.09,0.05,0
1077,1424,1,336.89,0.05,0
1077,8251,2,436.24,0.05,0
1078,725,1,337.48,0.123,0
1078,811,2,540.37,0.123,0
1078,1559,2,327.98,0.123,0
1079,2298,1,483.09,0.047,0
1080,5590,2,165.17,0.119,0
1080,9849,1,819.37,0.119,0
1080,11051,2,328.48,0.119,0
1081,121,1,188.89,0.105,0
1082,6064,2,580.45,0.039,1
1082,6380,1,117.58,0.039,0
1082,11557,1,572.94,0.039,1
1083,9351,1,32.25,0.078,0
1083,2820,1,449.11,0.078,1
1083,3786,2,162.27,0.078,0
1084,5017,2,274.43,0.108,0
1084,2388,2,452.05,0.108,0
1084,11807,2,351.43,0.108,0
1085,1285,2,374.86,0.064,0
1085,10525,2,693.69,0.064,0
1085,7844,1,519.79,0.064,0
1086,6574,2,415.63,0.081,0
1086,1269,2,312.83,0.081,0
1087,9165,1,420.25,0.081,0
1087,2150,1,522.53,0.081,0
1087,3591,1,370.74,0.081,0
1088,8474,2,619.27,0.132,0
1088,6618,2,150.23,0.132,0
1088,4513,1,447.43,0.132,1
1089,4515,2,356.06,0.029,0
1090,3339,1,844.58,0.061,0
1091,10030,2,433.88,0.075,0
1091,9496,1,685.98,0.075,0
1091,2948,1,195.84,0.075,0
1092,7525,1,154.01,0.059,0
1092,4756,2,425.45,0.059,0
1092,7620,2,800.81,0.059,0
1093,6750,1,549.87,0.02,0
1093,2189,1,422.57,0.02,0
1094,6308,2,120.83,0.068,0
1095,6018,1,960.26,0.102,0
1095,5840,1,259.82,0.102,0
1096,4251,1,214.84,0.074,0
1097,9664,2,171.43,0.128,1
1097,1588,1,303.26,0.128,1
1098,2132,1,62.48,0.117,0
1098,6834,1,87.65,0.117,1
1099,3365,1,790.09,0.106,0
1099,5943,1,443.42,0.106,0
1100,4800,2,291.48,0.041,0
1100,5553,1,159.41,0.041,1
1101,6316,2,333.68,0.057,0
1102,7601,1,769.09,0.037,0
1102,6947,1,286.86,0.037,0
1103,593,1,365.49,0.026,0
1103,8212,1,260.83,0.026,0
1103,7704,2,496.66,0.026,0
1104,10943,2,189.87,0.093,0
1105,4421,2,439.56,0.119,0
1105,5153,2,457.91,0.119,0
1105,258,1,379.21,0.119,1
1106,11761,2,337.06,0.075,1
1106,9532,1,230.14,0.075,0
1106,9759,2,710.86,0.075,0
1107,3800,1,271.06,0.022,0
1107,1586,1,316.77,0.022,0
1107,11413,1,34.23,0.022,0
1108,5772,2,291.43,0.065,0
1108,6773,1,301.88,0.065,0
1108,6647,2,272.4,0.065,0
1109,9337,1,452.52,0.079,0
1109,853,2,488.99,0.079,0
1109,415,2,448.61,0.079,1
1110,5774,1,158.83,0.098,1
1111,3523,1,152.88,0.119,0
1112,1669,2,748.32,0.083,1
1112,11752,1,151.07,0.083,0
1113,4457,1,473.95,0.121,0
1113,10252,1,140.78,0.121,0
1113,7487,2,558.42,0.121,0
1114,4377,1,157.27,0.12,0
1115,1842,1,601.26,0.099,0
1115,7537,2,535.69,0.099,0
1115,5377,2,377.82,0.099,1
1116,5774,2,163.13,0.074,0
1116,5043,2,490.44,0.074,0
1116,3846,1,687.93,0.074,0
1117,11921,2,362.2,0.045,0
1117,6102,2,364.41,0.045,1
1118,703,2,172.16,0.069,0
1118,5448,2,32.59,0.069,0
1118,2046,2,627.69,0.069,0
1119,8623,2,117.77,0.045,1
1119,309,2,618.94,0.045,0
1119,829,2,607.85,0.045,0
1120,10991,1,220.43,0.08,0
1120,1067,1,524.56,0.08,0
1120,11737,1,462.0,0.08,0
1121,9625,2,490.98,0.048,1
1122,11401,2,630.46,0.095,0
1123,3261,2,460.95,0.07,0
1124,4705,1,365.99,0.052,0
1125,11888,1,433.95,0.059,0
1126,8156,1,796.13,0.016,0
1127,11004,1,488.98,0.073,0
1127,7113,1,437.53,0.073,0
1128,3664,1,284.07,0.088,1
1128,2063,2,382.64,0.088,0
1129,3345,1,283.14,0.083,0
1129,1744,2,509.24,0.083,1
1130,8336,1,615.66,0.028,0
1131,6592,2,511.5,0.105,0
1131,9999,2,377.81,0.105,0
1132,8378,2,117.03,0.075,0
1132,6975,2,513.1,0.075,0
1132,3781,2,304.28,0.075,1
1133,3874,1,172.01,0.065,0
1133,8143,1,504.91,0.065,0
1134,6966,1,448.94,0.034,0
1135,6771,2,421.12,0.055,0
1135,10532,1,465.8,0.055,0
1135,3894,1,230.76,0.055,0
1136,9373,1,147.75,0.045,0
1136,3635,2,491.7,0.045,1
1137,3883,1,340.27,0.086,0
1137,7055,1,395.67,0.086,0
1137,7136,2,454.24,0.086,1
1138,11722,1,357.67,0.017,0
1138,10287,2,329.15,0.017,0
1138,10369,2,381.98,0.017,0
1139,3559,2,161.9,0.048,0
1140,1754,2,959.24,0.043,0
1140,885,2,243.07,0.043,0
1141,647,2,640.32,0.122,0
1141,11871,1,618.43,0.122,0
1141,6666,1,383.53,0.122,0
1142,8036,1,233.46,0.099,1
1142,9698,1,121.24,0.099,1
1143,2437,1,456.7,0.067,0
1144,9773,1,324.61,0.087,0
1145,3591,1,367.92,0.088,0
1145,4874,1,238.92,0.088,0
1145,91,1,361.54,0.088,1
1146,10439,2,679.47,0.1,0
1146,9036,1,674.23,0.1,0
1147,8031,1,638.33,0.093,0
1147,11053,2,242.94,0.093,0
1148,1791,2,616.87,0.102,1
1149,4935,2,581.17,0.057,0
1149,7844,1,523.69,0.057,0
1150,4666,2,328.29,0.068,0
1151,11206,1,383.51,0.067,0
1151,2790,1,440.96,0.067,0
1151,229,2,497.91,0.067,0
1152,8264,2,224.3,0.095,0
1152,607,1,425.07,0.095,0
1152,11913,1,203.61,0.095,0
1153,8263,2,456.17,0.055,1
1153,2944,2,657.84,0.055,0
1154,579,1,293.66,0.062,0
1155,9131,1,744.87,0.069,0
1155,9369,1,375.65,0.069,0
1155,7516,1,609.33,0.069,0
1156,755,2,884.79,0.115,1
1157,648,1,32.38,0.075,1
1158,7399,2,325.83,0.098,1
1159,10737,1,177.55,0.086,0
1160,4199,2,487.32,0.042,0
1161,791,2,570.03,0.057,0
1161,6433,2,442.22,0.057,0
1162,4780,1,180.17,0.065,0
1163,76,2,659.22,0.072,1
1163,8458,2,365.03,0.072,0
1164,726,2,284.5,0.022,0
1164,9616,2,544.63,0.022,0
1164,11662,2,304.87,0.022,1
1165,3131,1,578.8,0.014,0
1166,2458,2,325.12,0.089,0
1166,5200,2,662.69,0.089,0
1167,3903,1,287.77,0.122,0
1168,5739,1,626.95,0.088,1
1169,10975,1,444.43,0.047,0
1169,9225,1,74.78,0.047,0
1170,121,2,201.77,0.044,1
1170,3227,1,288.73,0.044,0
1171,4389,2,98.55,0.041,0
1172,7739,1,32.9,0.06,0
1172,5673,2,481.15,0.06,0
1172,4282,1,673.94,0.06,0
1173,6902,1,302.16,0.073,0
1173,5211,2,817.64,0.073,0
1174,11590,1,84.41,0.076,0
1174,5509,1,158.4,0.076,0
1175,7288,1,156.46,0.107,1
1175,1547,1,587.79,0.107,0
1176,4256,2,580.25,0.028,1
1176,1583,2,351.7,0.028,0
1176,10934,1,282.65,0.028,1
1177,7878,2,123.49,0.041,0
1177,1614,1,693.87,0.041,0
1177,6549,2,286.7,0.041,0
1178,337,2,530.49,0.054,0
1178,5823,1,507.19,0.054,1
1178,10393,1,544.11,0.054,0
1179,4403,2,170.05,0.083,0
1180,9026,1,267.21,0.088,0
1180,8143,1,492.53,0.088,0
1181,4972,2,398.72,0.088,0
1181,10108,1,188.8,0.088,0
1181,4425,1,37.26,0.088,0
1182,1711,1,515.62,0.07,0
1182,7194,2,251.57,0.07,1
1182,3126,2,171.65,0.07,0
1183,10170,2,369.52,0.079,1
1184,1791,1,631.69,0.081,0
1184,4990,1,499.28,0.081,0
1184,2804,2,32.17,0.081,0
1185,3877,1,476.3,0.024,1
1186,472,2,290.77,0.075,1
1186,7249,2,553.09,0.075,0
1187,11136,2,579.89,0.089,0
1187,3804,2,336.47,0.089,0
1187,2436,1,578.03,0.089,0
1188,5680,2,396.4,0.051,0
1189,11406,1,34.4,0.017,0
1189,191,1,205.56,0.017,1
1189,1979,2,34.4,0.017,0
1190,8805,2,418.4,0.023,0
1190,3478,2,133.41,0.023,0
1191,951,1,415.95,0.066,0
1192,5671,2,730.14,0.059,0
1193,4700,2,855.29,0.04,0
1194,6488,2,34.32,0.08,0
1194,4783,1,713.37,0.08,0
1195,2875,1,982.78,0.05,0
1196,8780,2,567.18,0.063,0
1196,8978,1,519.2,0.063,0
1197,10741,2,196.22,0.015,0
1197,5261,2,583.34,0.015,0
1197,8323,2,338.54,0.015,0
1198,5545,1,249.91,0.046,0
1198,3881,1,423.74,0.046,0
1198,3116,1,202.56,0.046,0
1199,5117,1,449.12,0.039,0
1200,11275,1,689.51,0.045,0
1201,4935,1,582.64,0.054,0
1202,9282,2,466.23,0.074,0
1203,7738,2,516.87,0.066,0
1204,964,1,143.05,0.0,0
1204,10011,2,359.07,0.0,0
1205,7222,1,270.59,0.075,0
1205,11295,1,310.92,0.075,1
1206,9366,2,418.14,0.049,0
1207,10595,2,92.0,0.08,0
1208,3848,1,761.88,0.0,1
1208,9033,2,722.38,0.0,0
1208,412,1,61.66,0.0,0
1209,8492,2,259.31,0.039,0
1209,8539,2,528.65,0.039,0
1209,10567,2,188.06,0.039,1
1210,3964,1,452.44,0.102,0
1210,3699,1,273.9,0.102,1
1211,7863,1,400.19,0.049,0
1211,6412,1,661.69,0.049,0
1211,9588,1,216.46,0.049,0
1212,8907,2,33.03,0.056,0
1213,343,1,333.8,0.06,0
1213,152,1,183.72,0.06,1
1213,9166,1,144.35,0.06,0
1214,1385,2,146.42,0.053,0
1214,1421,2,250.2,0.053,0
1215,6090,2,276.02,0.036,0
1216,5288,1,750.08,0.062,1
1216,5884,1,595.37,0.062,0
1217,10579,1,137.75,0.095,0
1217,5492,1,681.95,0.095,0
1217,3212,2,512.45,0.095,1
1218,7028,2,155.69,0.069,1
1218,8147,1,520.86,0.069,0
1219,3299,2,218.41,0.082,0
1219,7757,2,661.18,0.082,0
1220,6560,2,985.6,0.093,0
1221,6434,2,297.1,0.044,0
1222,4218,2,700.45,0.03,0
1222,2330,2,387.8,0.03,0
1222,4628,2,485.8,0.03,0
1223,2254,2,49.43,0.053,1
1223,4165,1,535.46,0.053,0
1224,10625,2,48.08,0.077,0
1224,9352,2,170.46,0.077,0
1225,7729,2,384.34,0.018,0
1225,11226,1,495.52,0.018,0
1226,204,1,317.79,0.084,0
1226,7765,1,129.34,0.084,0
1227,3034,1,451.36,0.039,0
1227,4530,1,326.82,0.039,0
1227,8307,2,620.4,0.039,0
1228,8237,2,479.24,0.043,0
1228,5092,1,35.87,0.043,0
1229,5617,1,422.39,0.048,0
1229,4956,2,471.49,0.048,0
1229,8047,2,777.66,0.048,0
1230,5081,1,283.02,0.051,0
1230,8312,1,700.69,0.051,1
1230,4792,2,402.1,0.051,0
1231,6619,2,229.79,0.011,1
1231,3397,1,253.68,0.011,0
1231,3532,2,457.07,0.011,0
1232,11124,1,478.09,0.052,0
1232,8100,1,474.19,0.052,0
1233,11430,2,386.4,0.097,0
1233,11158,1,660.25,0.097,0
1234,5672,2,255.56,0.095,0
1234,10119,1,639.15,0.095,0
1235,6356,2,111.9,0.066,0
1235,6923,2,380.31,0.066,0
1236,6924,1,398.73,0.058,0
1237,177,2,32.59,0.069,0
1237,4410,1,640.51,0.069,0
1238,10972,2,194.02,0.09,1
1239,239,2,408.99,0.07,0
1239,1231,2,571.15,0.07,0
1239,5505,1,422.42,0.07,0
1240,2186,2,623.84,0.065,0
1240,282,1,375.67,0.065,0
1241,2935,2,349.97,0.069,0
1241,2789,1,455.93,0.069,0
1241,11207,2,330.24,0.069,0
1242,1549,1,54.14,0.031,0
1242,10515,2,566.79,0.031,0
1243,129,1,293.67,0.057,0
1243,537,2,270.4,0.057,0
1243,1233,2,586.32,0.057,0
1244,1841,2,415.88,0.092,0
1244,2369,2,294.79,0.092,0
1245,10870,2,308.55,0.098,0
1245,6171,2,65.67,0.098,0
1246,4615,1,182.01,0.101,0
1246,10382,2,70.94,0.101,1
1247,1809,2,134.71,0.0,0
1247,1011,1,568.73,0.0,0
1248,676,1,753.75,0.017,0
1248,6061,2,106.81,0.017,0
1249,5122,1,254.92,0.031,0
1249,5874,1,801.57,0.031,0
1250,3577,1,32.59,0.069,0
1250,1405,1,147.74,0.069,0
1250,3547,1,287.02,0.069,0
1251,5593,2,356.0,0.09,0
1251,2899,2,55.07,0.09,0
1252,10525,2,710.24,0.042,0
1252,3900,2,649.61,0.042,0
1252,4040,2,760.35,0.042,0
1253,4270,1,686.89,0.093,0
1253,3014,2,239.68,0.093,0
1254,2309,2,498.53,0.0,0
1254,11534,2,538.05,0.0,0
1254,2421,2,564.22,0.0,1
1255,9967,1,205.48,0.059,0
1255,9721,1,665.52,0.059,0
1256,2682,1,526.21,0.002,0
1256,450,2,602.82,0.002,0
1256,5355,1,282.66,0.002,0
1257,3660,2,316.1,0.081,1
1257,8113,2,316.63,0.081,1
1258,4801,1,78.37,0.072,0
1258,7906,1,32.49,0.072,0
1259,4821,2,609.32,0.049,0
1259,5757,2,378.47,0.049,0
1260,2529,1,71.95,0.043,0
1260,5725,1,33.51,0.043,0
1260,5438,1,463.75,0.043,0
1261,11964,2,460.75,0.03,0
1261,5199,2,819.34,0.03,1
1262,9565,1,260.42,0.101,0
1262,5376,1,534.65,0.101,0
1263,9051,1,810.91,0.047,0
1263,3078,2,605.77,0.047,0
1264,7961,1,126.49,0.035,1
1265,4429,2,77.95,0.083,0
1265,519,1,791.33,0.083,0
1266,4881,1,32.83,0.062,0
1267,4511,2,93.83,0.023,0
1267,9656,1,452.26,0.023,0
1267,5863,1,449.69,0.023,0
1268,4176,1,521.75,0.083,0
1269,2158,2,240.68,0.065,0
1269,5250,1,388.57,0.065,0
1269,7594,1,338.23,0.065,0
1270,9732,1,463.11,0.054,1
1271,3104,1,497.59,0.072,0
1272,1998,1,204.12,0.076,0
1272,4827,1,477.5,0.076,0
1273,6361,1,655.14,0.005,0
1273,858,2,34.84,0.005,0
1274,1290,1,177.93,0.11,0
1275,10309,1,247.97,0.116,0
1275,1007,1,505.64,0.116,0
1276,1573,2,423.59,0.005,0
1277,3816,2,541.3,0.082,0
1277,5927,2,158.86,0.082,0
1277,67,2,401.88,0.082,0
1278,11709,1,74.11,0.077,0
1278,5270,2,312.21,0.077,0
1278,7159,1,182.36,0.077,0
1279,8515,2,438.46,0.0,0
1279,10381,1,242.02,0.0,0
1280,3110,1,291.47,0.096,1
1280,11816,1,480.09,0.096,0
1280,9268,1,47.04,0.096,0
1281,874,1,580.32,0.057,0
1281,5561,1,397.38,0.057,0
1281,55,2,520.29,0.057,0
1282,11352,2,177.29,0.084,0
1283,9576,2,661.32,0.089,0
1283,8270,1,31.89,0.089,0
1283,7751,1,340.46,0.089,0
1284,7269,1,340.95,0.069,0
1284,11795,1,146.26,0.069,0
1284,6192,1,353.07,0.069,0
1285,62,1,222.43,0.082,0
1286,4924,1,312.31,0.064,0
1287,11679,1,857.37,0.081,0
1287,6432,1,32.18,0.081,1
1288,9636,1,451.28,0.007,0
1288,6006,2,774.23,0.007,0
1289,8497,2,487.81,0.058,1
1290,4176,2,544.09,0.044,0
1290,10680,2,475.55,0.044,0
1290,2063,1,401.01,0.044,1
1291,5163,2,310.66,0.077,0
1292,6962,1,130.38,0.051,0
1292,9799,2,287.09,0.051,0
1293,10485,1,34.92,0.002,0
1294,9882,1,149.92,0.091,0
1294,11616,2,304.74,0.091,1
1294,4946,1,644.06,0.091,0
1295,3487,2,331.01,0.02,0
1296,3869,2,650.76,0.034,0
1296,8397,2,564.32,0.034,0
1296,7695,1,195.3,0.034,1
1297,1333,2,423.19,0.026,1
1297,9892,1,390.68,0.026,0
1297,8975,1,34.08,0.026,0
1298,10704,2,428.99,0.0,0
1298,7138,1,264.76,0.0,0
1299,3456,1,437.51,0.027,0
1300,7414,1,414.77,0.062,0
1300,3118,1,278.7,0.062,0
1301,2780,1,147.8,0.063,0
1302,706,2,399.21,0.073,0
1302,10144,2,148.26,0.073,0
1302,11340,1,190.76,0.073,0
1303,8944,1,828.86,0.053,0
1303,507,1,347.31,0.053,0
1303,2701,2,200.34,0.053,0
1304,6540,2,847.7,0.021,0
1305,585,2,349.75,0.008,0
1305,11635,1,660.14,0.008,0
1306,7858,1,79.54,0.038,1
1306,7140,2,299.16,0.038,0
1306,4955,2,166.35,0.038,0
1307,3281,2,628.68,0.041,0
1308,1195,2,623.91,0.033,0
1308,5283,1,33.83,0.033,1
1309,2525,1,473.69,0.007,0
1309,4639,2,227.79,0.007,0
1310,2040,2,95.55,0.044,0
1310,6727,1,87.93,0.044,0
1310,11669,2,271.87,0.044,0
1311,2895,1,141.77,0.022,1
1311,5020,1,554.09,0.022,0
1311,6739,2,111.36,0.022,0
1312,2830,2,524.03,0.049,0
1312,7686,2,423.32,0.049,0
1312,349,2,564.83,0.049,0
1313,4394,1,383.93,0.039,0
1313,10565,2,528.34,0.039,0
1314,181,2,589.1,0.057,1
1314,9510,2,367.39,0.057,0
1315,5762,2,478.89,0.07,0
1316,2209,1,668.18,0.036,0
1317,1784,2,269.59,0.066,0
1318,11913,2,203.87,0.094,0
1319,6203,2,650.15,0.0,1
1320,11140,1,33.99,0.029,0
1320,8218,2,796.93,0.029,0
1320,11506,2,477.6,0.029,1
1321,2635,2,663.23,0.046,1
1322,9563,1,331.36,0.028,0
1322,2677,1,147.15,0.028,0
1322,683,1,168.69,0.028,0
1323,4237,2,780.11,0.04,0
1324,7965,2,364.03,0.077,0
1324,11361,2,425.7,0.077,0
1325,5332,1,76.69,0.092,0
1325,7239,2,536.94,0.092,0
1325,8596,1,544.52,0.092,1
1326,1915,1,356.86,0.076,0
1326,2226,1,199.11,0.076,0
1326,2189,2,398.2,0.076,0
1327,5949,1,393.6,0.056,0
1327,8203,2,763.39,0.056,0
1328,11625,2,344.19,0.0,0
1328,2966,2,226.44,0.0,0
1329,1159,1,34.17,0.024,0
1329,7601,2,780.12,0.024,0
1330,5000,1,197.58,0.06,0
1330,3577,1,32.9,0.06,1
1330,5878,1,364.26,0.06,0
1331,5687,2,441.21,0.059,0
1332,6189,1,268.06,0.03,0
1332,4379,1,415.84,0.03,0
1332,2438,1,301.37,0.03,0
1333,7831,2,766.87,0.0,1
1334,2987,1,407.33,0.045,0
1334,3577,1,33.44,0.045,0
1335,6217,1,351.52,0.064,1
1335,11412,2,305.16,0.064,0
1335,11159,1,585.15,0.064,0
1336,8296,2,520.07,0.002,0
1337,4754,1,304.03,0.072,0
1337,2774,1,377.91,0.072,0
1337,10697,1,571.03,0.072,0
1338,11300,1,380.84,0.073,1
1338,8638,2,107.39,0.073,0
1339,9278,2,216.96,0.076,0
1340,6777,1,215.55,0.083,0
1341,2876,1,643.98,0.06,0
1342,1931,2,271.15,0.033,1
1342,2478,2,350.88,0.033,1
1343,1013,1,535.67,0.014,0
1343,5086,1,913.59,0.014,0
1343,7424,2,531.9,0.014,0
1344,10444,2,282.37,0.015,0
1344,482,1,556.99,0.015,0
1344,9115,1,170.54,0.015,1
1345,7715,1,586.71,0.039,1
1345,8390,1,305.82,0.039,0
1346,3949,1,648.54,0.0,0
1346,6085,2,390.65,0.0,0
1347,107,1,543.78,0.061,0
1348,3865,1,328.88,0.01,0
1349,8583,2,553.3,0.063,0
1349,6865,2,317.89,0.063,1
1349,9715,2,278.6,0.063,0
1350,10276,1,488.98,0.0,1
1351,1559,1,369.23,0.013,0
1351,4425,1,40.35,0.013,0
1352,10377,1,454.59,0.106,0
1352,2873,1,436.56,0.106,0
1353,10406,2,727.45,0.028,0
1353,9323,2,297.01,0.028,0
1353,10073,1,368.32,0.028,1
1354,8947,2,93.36,0.078,0
1354,1554,1,299.33,0.078,1
1354,1069,1,325.98,0.078,0
1355,9930,2,424.08,0.039,0
1356,7876,2,255.47,0.06,0
1357,94,2,721.07,0.07,0
1357,9344,2,609.09,0.07,0
1358,7706,1,403.22,0.056,0
1358,4316,2,569.58,0.056,0
1358,1001,2,389.6,0.056,0
1359,4894,1,744.68,0.029,0
1360,10372,2,694.3,0.03,0
1360,462,2,365.35,0.03,0
1361,5472,1,204.67,0.034,0
1361,5121,1,105.8,0.034,1
1361,1194,1,65.68,0.034,0
1362,9386,1,659.78,0.05,1
1362,2857,1,389.88,0.05,0
1362,3773,2,374.19,0.05,1
1363,5677,1,472.03,0.07,0
1364,10210,2,564.74,0.022,0
1365,6885,2,181.06,0.066,0
1365,7846,1,699.57,0.066,0
1366,7434,2,442.55,0.036,0
1366,4833,2,454.3,0.036,0
1367,8811,2,614.9,0.076,0
1368,7959,1,591.6,0.064,1
1368,4143,2,92.2,0.064,0
1368,10724,1,551.18,0.064,0
1369,3568,2,144.97,0.029,0
1370,781,1,470.26,0.039,0
1370,9210,1,651.85,0.039,0
1371,11517,2,558.47,0.018,0
1372,10459,1,253.46,0.007,0
1372,2685,2,525.69,0.007,0
1372,7248,1,723.62,0.007,0
1373,5945,2,739.36,0.028,0
1374,3968,1,433.38,0.081,0
1374,5340,1,532.9,0.081,0
1374,2570,2,161.6,0.081,0
1375,9518,1,474.63,0.019,0
1376,5356,2,162.43,0.091,0
1376,8487,1,205.69,0.091,0
1377,11129,2,723.95,0.071,0
1377,6454,1,321.2,0.071,1
1377,8497,1,480.98,0.071,0
1378,6565,1,621.36,0.061,0
1378,10078,2,665.57,0.061,0
1378,1762,2,384.75,0.061,0
1379,8031,2,703.6,0.0,1
1379,6608,2,596.02,0.0,0
1379,3433,1,187.73,0.0,0
1380,7276,1,642.89,0.054,0
1380,1473,1,702.8,0.054,1
1381,3962,2,324.69,0.046,0
1381,10098,2,562.79,0.046,0
