order_id,order_ts,user_id,region,discount_pct
1,2025-11-18 14:36:54,1489,APAC,0.0
2,2025-11-18 11:24:53,2841,APAC,0.076
3,2025-11-18 13:03:39,8788,NA,0.082
4,2025-11-18 18:55:27,9806,NA,0.065
5,2025-11-18 02:38:27,11264,NA,0.034
6,2025-11-18 13:25:33,5156,NA,0.099
7,2025-11-18 12:18:22,3229,EU,0.027
8,2025-11-18 06:41:00,4985,APAC,0.055
9,2025-11-18 14:19:46,8109,NA,0.035
10,2025-11-18 12:26:20,8322,EU,0.024
11,2025-11-18 09:33:46,8007,NA,0.09
12,2025-11-18 07:34:58,692,NA,0.088
13,2025-11-18 01:16:09,10711,APAC,0.041
14,2025-11-18 21:14:54,4564,APAC,0.031
15,2025-11-18 08:19:51,117,EU,0.037
16,2025-11-18 01:12:28,7407,EU,0.085
17,2025-11-18 12:49:09,118,NA,0.001
18,2025-11-18 10:51:16,6725,NA,0.001
19,2025-11-18 19:27:41,4996,NA,0.019
20,2025-11-18 01:06:16,9981,EU,0.019
21,2025-11-18 18:30:02,9404,EU,0.112
22,2025-11-18 08:29:16,1613,NA,0.043
23,2025-11-18 06:38:39,2324,NA,0.071
24,2025-11-18 04:17:27,5367,NA,0.03
25,2025-11-19 05:58:43,4425,NA,0.048
26,2025-11-19 07:25:22,11257,NA,0.074
27,2025-11-19 00:54:10,1447,NA,0.049
28,2025-11-19 12:35:36,5100,APAC,0.084
29,2025-11-19 11:16:46,10500,NA,0.1
30,2025-11-19 03:53:08,6997,EU,0.042
31,2025-11-19 00:57:15,2652,NA,0.097
32,2025-11-19 19:26:25,3818,EU,0.031
33,2025-11-19 01:55:03,677,APAC,0.01
34,2025-11-19 12:01:20,6578,NA,0.041
35,2025-11-19 16:10:11,4414,EU,0.09
36,2025-11-19 00:09:37,11694,NA,0.004
37,2025-11-19 12:33:12,10357,NA,0.055
38,2025-11-19 10:11:34,9986,EU,0.057
39,2025-11-19 20:13:12,381,EU,0.031
40,2025-11-19 12:20:55,6256,NA,0.045
41,2025-11-19 21:04:44,10883,NA,0.064
42,2025-11-19 09:36:44,102,EU,0.049
43,2025-11-19 10:38:09,5185,EU,0.063
44,2025-11-19 07:43:40,4548,NA,0.063
45,2025-11-19 20:59:48,8737,APAC,0.009
46,2025-11-19 05:13:29,5947,NA,0.052
47,2025-11-19 13:28:07,9773,APAC,0.062
48,2025-11-20 15:35:14,2878,NA,0.054
49,2025-11-20 21:12:07,10052,NA,0.048
50,2025-11-20 14:37:27,5868,NA,0.077
51,2025-11-20 17:08:02,9161,NA,0.023
52,2025-11-20 09:12:48,7315,NA,0.0
53,2025-11-20 22:58:01,4436,NA,0.063
54,2025-11-20 10:56:10,7654,NA,0.057
55,2025-11-20 02:27:54,10486,NA,0.068
56,2025-11-20 07:15:15,48,EU,0.127
57,2025-11-20 12:12:06,124,EU,0.011
58,2025-11-20 08:44:22,10315,APAC,0.041
59,2025-11-20 15:56:45,7224,NA,0.053
60,2025-11-20 15:47:09,8347,EU,0.116
61,2025-11-20 21:46:36,11574,EU,0.008
62,2025-11-20 17:36:39,11633,NA,0.055
63,2025-11-20 03:07:02,2831,NA,0.045
64,2025-11-20 07:22:59,3521,NA,0.073
65,2025-11-20 13:40:52,516,APAC,0.071
66,2025-11-20 01:26:20,6518,NA,0.035
67,2025-11-20 23:43:46,10529,EU,0.078
68,2025-11-20 17:33:16,6313,NA,0.054
69,2025-11-20 16:34:07,6597,NA,0.05
70,2025-11-20 22:03:10,11989,EU,0.042
71,2025-11-20 23:26:53,159,NA,0.042
72,2025-11-21 03:02:41,4663,EU,0.011
73,2025-11-21 16:04:21,11937,NA,0.049
74,2025-11-21 10:09:56,1233,APAC,0.034
75,2025-11-21 06:22:37,3744,NA,0.033
76,2025-11-21 20:20:34,11263,APAC,0.039
77,2025-11-21 12:31:26,2275,APAC,0.103
78,2025-11-21 07:16:05,7987,NA,0.023
79,2025-11-21 06:44:15,6266,NA,0.074
80,2025-11-21 01:18:42,580,APAC,0.039
81,2025-11-21 17:05:48,2697,NA,0.068
82,2025-11-21 00:59:11,9059,EU,0.053
83,2025-11-21 00:11:18,6759,NA,0.114
84,2025-11-21 04:19:38,1131,NA,0.037
85,2025-11-21 07:54:12,6758,APAC,0.027
86,2025-11-21 17:44:03,49,NA,0.01
87,2025-11-21 03:07:58,10603,APAC,0.024
88,2025-11-21 18:47:15,5442,EU,0.0
89,2025-11-21 23:56:31,1258,NA,0.069
90,2025-11-21 00:36:37,8848,APAC,0.08
91,2025-11-22 05:54:23,8217,APAC,0.1
92,2025-11-22 02:15:17,5515,NA,0.074
93,2025-11-22 23:41:13,7823,NA,0.08
94,2025-11-22 20:15:18,7519,APAC,0.039
95,2025-11-22 04:49:41,11154,EU,0.087
96,2025-11-22 10:04:01,1300,NA,0.081
97,2025-11-22 23:12:18,163,EU,0.039
98,2025-11-22 09:03:20,3529,NA,0.039
99,2025-11-22 20:07:21,9831,EU,0.054
100,2025-11-22 23:33:55,4645,EU,0.006
101,2025-11-22 02:10:46,8057,NA,0.037
102,2025-11-22 16:54:59,4009,NA,0.088
103,2025-11-22 04:43:15,11467,APAC,0.082
104,2025-11-22 01:33:06,3139,NA,0.123
105,2025-11-22 08:04:05,3356,NA,0.105
106,2025-11-22 14:14:33,4418,EU,0.057
107,2025-11-23 03:53:45,8892,NA,0.072
108,2025-11-23 05:32:04,6103,EU,0.067
109,2025-11-23 20:00:22,2499,EU,0.055
110,2025-11-23 08:29:25,10656,NA,0.102
111,2025-11-23 20:43:29,127,EU,0.055
112,2025-11-23 22:07:55,3312,NA,0.017
113,2025-11-23 12:34:28,3255,NA,0.081
114,2025-11-23 20:55:02,6014,APAC,0.026
115,2025-11-23 15:29:38,6738,EU,0.071
116,2025-11-23 02:02:24,2866,EU,0.091
117,2025-11-23 21:10:36,785,NA,0.053
118,2025-11-23 04:41:02,10820,NA,0.082
119,2025-11-23 04:40:14,8245,NA,0.014
120,2025-11-23 10:11:53,5776,NA,0.034
121,2025-11-23 20:21:33,6677,EU,0.076
122,2025-11-23 12:08:13,1235,EU,0.038
123,2025-11-23 22:25:59,1297,NA,0.041
124,2025-11-23 23:25:11,6425,EU,0.051
125,2025-11-23 11:15:09,7818,EU,0.052
126,2025-11-23 12:53:01,261,NA,0.02
127,2025-11-23 20:50:32,10627,NA,0.07
128,2025-11-23 21:50:39,4285,NA,0.068
129,2025-11-24 00:55:15,8983,NA,0.018
130,2025-11-24 03:27:00,6940,NA,0.109
131,2025-11-24 20:04:25,8011,NA,0.084
132,2025-11-24 12:16:44,11509,APAC,0.068
133,2025-11-24 20:25:21,6677,NA,0.041
134,2025-11-24 13:19:35,6899,APAC,0.008
135,2025-11-24 09:55:21,10657,NA,0.049
136,2025-11-24 19:09:21,10656,NA,0.021
137,2025-11-24 17:49:34,6734,EU,0.054
138,2025-11-24 18:03:16,5458,EU,0.046
139,2025-11-24 09:45:31,1386,NA,0.051
140,2025-11-24 00:24:49,5743,EU,0.0
141,2025-11-24 02:00:35,5242,APAC,0.043
142,2025-11-24 15:44:07,11757,NA,0.055
143,2025-11-24 02:01:51,3224,NA,0.036
144,2025-11-24 15:33:43,7981,NA,0.058
145,2025-11-24 07:53:50,4168,NA,0.055
146,2025-11-25 07:55:35,3185,EU,0.071
147,2025-11-25 12:20:16,11888,NA,0.094
148,2025-11-25 23:57:49,7269,EU,0.04
149,2025-11-25 01:06:39,7795,NA,0.063
150,2025-11-25 17:50:40,8029,NA,0.094
151,2025-11-25 10:45:44,4544,NA,0.041
152,2025-11-25 02:11:47,7906,EU,0.084
153,2025-11-25 15:05:46,5283,NA,0.069
154,2025-11-25 19:40:40,9551,NA,0.011
155,2025-11-25 15:39:31,7520,NA,0.072
156,2025-11-25 02:36:59,2629,APAC,0.076
157,2025-11-25 19:44:49,5398,NA,0.0
158,2025-11-25 04:26:14,4596,NA,0.02
159,2025-11-25 14:19:55,5456,NA,0.097
160,2025-11-25 21:20:58,8374,APAC,0.058
161,2025-11-25 08:03:29,897,APAC,0.03
162,2025-11-25 06:58:45,10246,EU,0.0
163,2025-11-25 08:25:21,1223,APAC,0.061
164,2025-11-26 03:53:44,3327,APAC,0.081
165,2025-11-26 07:05:36,6152,EU,0.001
166,2025-11-26 23:32:26,2142,NA,0.042
167,2025-11-26 16:58:10,2791,EU,0.016
168,2025-11-26 21:44:52,7643,EU,0.017
169,2025-11-26 19:00:59,10816,APAC,0.054
170,2025-11-26 10:51:39,9008,EU,0.086
171,2025-11-26 06:55:35,655,NA,0.021
172,2025-11-26 04:20:48,10616,NA,0.069
173,2025-11-26 08:32:52,6809,APAC,0.052
174,2025-11-26 01:04:53,4366,NA,0.038
175,2025-11-26 11:43:24,10400,APAC,0.043
176,2025-11-26 22:12:41,9736,NA,0.037
177,2025-11-26 00:26:00,28,APAC,0.051
178,2025-11-26 07:56:44,10141,NA,0.065
179,2025-11-26 07:31:26,10713,EU,0.006
180,2025-11-26 15:43:00,11705,APAC,0.0
181,2025-11-26 21:10:10,8391,EU,0.081
182,2025-11-27 10:50:31,11984,NA,0.058
183,2025-11-27 18:30:02,593,NA,0.06
184,2025-11-27 14:39:31,1163,NA,0.008
185,2025-11-27 03:21:57,8963,NA,0.0
186,2025-11-27 05:59:09,8980,APAC,0.012
187,2025-11-27 17:03:40,11635,NA,0.079
188,2025-11-27 20:58:55,8567,EU,0.072
189,2025-11-27 12:28:14,11643,NA,0.047
190,2025-11-27 00:10:30,11883,EU,0.079
191,2025-11-27 08:39:33,11508,NA,0.031
192,2025-11-27 10:20:06,8701,NA,0.097
193,2025-11-27 14:43:02,1930,NA,0.045
194,2025-11-27 01:35:31,7875,NA,0.059
195,2025-11-27 00:49:00,8895,NA,0.038
196,2025-11-27 00:36:01,4111,NA,0.0
197,2025-11-27 02:11:29,10590,NA,0.075
198,2025-11-27 18:33:52,507,NA,0.0
199,2025-11-28 16:52:52,9028,EU,0.066
200,2025-11-28 03:52:32,1738,NA,0.101
201,2025-11-28 18:27:17,5515,EU,0.028
202,2025-11-28 03:05:04,1618,NA,0.072
203,2025-11-28 14:23:53,5560,NA,0.044
204,2025-11-28 22:53:53,3437,EU,0.047
205,2025-11-28 04:56:54,5699,APAC,0.028
206,2025-11-28 15:59:51,11832,EU,0.041
207,2025-11-28 09:36:14,8087,EU,0.02
208,2025-11-28 01:44:38,6034,APAC,0.032
209,2025-11-28 05:45:59,11824,EU,0.016
210,2025-11-28 23:48:02,6963,NA,0.041
211,2025-11-28 19:58:01,4262,NA,0.015
212,2025-11-28 11:51:50,5120,NA,0.061
213,2025-11-28 03:12:30,204,NA,0.034
214,2025-11-28 23:01:23,4024,APAC,0.0
215,2025-11-28 03:44:50,8005,EU,0.133
216,2025-11-28 15:06:24,6766,EU,0.024
217,2025-11-28 13:27:27,5103,NA,0.036
218,2025-11-29 00:41:08,7040,NA,0.052
219,2025-11-29 18:02:35,6161,EU,0.072
220,2025-11-29 19:51:40,4016,NA,0.044
221,2025-11-29 22:29:41,8115,NA,0.075
222,2025-11-29 02:02:16,1804,NA,0.074
223,2025-11-29 23:54:36,2868,APAC,0.0
224,2025-11-29 16:43:24,1114,NA,0.058
225,2025-11-29 09:36:34,3898,EU,0.012
226,2025-11-29 12:42:30,1669,NA,0.04
227,2025-11-29 09:52:05,6268,APAC,0.08
228,2025-11-29 03:23:44,836,APAC,0.014
229,2025-11-29 18:18:24,6623,EU,0.056
230,2025-11-29 21:16:55,3475,EU,0.11
231,2025-11-29 10:40:57,7127,NA,0.076
232,2025-11-29 14:07:09,9520,NA,0.027
233,2025-11-29 16:26:20,3775,EU,0.0
234,2025-11-30 02:14:34,3352,NA,0.055
235,2025-11-30 21:46:58,5199,APAC,0.01
236,2025-11-30 11:16:26,7424,EU,0.044
237,2025-11-30 12:49:44,11331,APAC,0.051
238,2025-11-30 22:01:11,9940,EU,0.028
239,2025-11-30 15:07:55,9862,NA,0.051
240,2025-11-30 02:52:11,11896,NA,0.0
241,2025-11-30 09:30:43,6499,EU,0.037
242,2025-11-30 04:00:50,7122,EU,0.033
243,2025-12-01 19:54:23,2442,APAC,0.022
244,2025-12-01 09:18:29,1104,NA,0.037
245,2025-12-01 21:34:42,8993,EU,0.11
246,2025-12-01 21:20:36,5957,EU,0.06
247,2025-12-01 02:43:27,4243,EU,0.013
248,2025-12-01 03:08:31,4551,EU,0.054
249,2025-12-01 14:56:00,4779,NA,0.057
250,2025-12-01 23:41:15,7508,NA,0.012
251,2025-12-01 18:55:43,8072,NA,0.005
252,2025-12-01 05:39:46,8733,NA,0.053
253,2025-12-01 05:21:34,512,NA,0.04
254,2025-12-01 15:09:10,11834,APAC,0.039
255,2025-12-01 07:41:57,3892,NA,0.04
256,2025-12-01 01:18:13,1747,NA,0.082
257,2025-12-02 03:37:11,7648,NA,0.061
258,2025-12-02 17:00:34,3102,EU,0.078
259,2025-12-02 02:02:23,1059,EU,0.03
260,2025-12-02 15:44:01,10495,NA,0.028
261,2025-12-02 01:35:28,10745,NA,0.051
262,2025-12-02 15:08:36,7860,EU,0.0
263,2025-12-02 14:11:04,3386,NA,0.034
264,2025-12-02 23:42:21,6868,NA,0.046
265,2025-12-02 00:35:09,10772,EU,0.062
266,2025-12-02 15:02:14,4949,NA,0.079
267,2025-12-02 14:53:38,325,APAC,0.096
268,2025-12-02 09:33:45,4861,EU,0.044
269,2025-12-02 17:49:05,7990,EU,0.028
270,2025-12-02 17:04:53,9368,EU,0.013
271,2025-12-02 10:22:34,4065,EU,0.052
272,2025-12-02 12:56:49,6159,NA,0.066
273,2025-12-02 12:34:21,7841,EU,0.06
274,2025-12-02 06:17:14,4028,EU,0.034
275,2025-12-02 18:35:04,8661,EU,0.06
276,2025-12-02 06:55:39,2952,NA,0.071
277,2025-12-02 21:35:45,6008,NA,0.1
278,2025-12-02 12:55:18,5111,EU,0.054
279,2025-12-02 05:24:45,994,NA,0.0
280,2025-12-02 11:57:32,6166,NA,0.0
281,2025-12-03 10:49:20,1001,NA,0.027
282,2025-12-03 06:39:01,5568,NA,0.033
283,2025-12-03 16:45:42,1150,NA,0.065
284,2025-12-03 03:45:12,7430,NA,0.005
285,2025-12-03 07:45:41,2982,EU,0.03
286,2025-12-03 14:17:09,10274,NA,0.097
287,2025-12-03 19:20:50,445,APAC,0.099
288,2025-12-03 08:54:09,2763,EU,0.014
289,2025-12-03 23:40:11,2815,NA,0.081
290,2025-12-03 00:56:25,9614,APAC,0.061
291,2025-12-03 20:29:18,4545,APAC,0.074
292,2025-12-03 17:15:42,6545,NA,0.103
293,2025-12-04 20:13:49,9801,EU,0.067
294,2025-12-04 01:48:41,10455,NA,0.046
295,2025-12-04 19:20:58,8913,NA,0.009
296,2025-12-04 04:26:55,1913,EU,0.052
297,2025-12-04 18:44:11,2058,EU,0.033
298,2025-12-04 03:42:49,8041,NA,0.048
299,2025-12-04 06:53:22,9097,EU,0.029
300,2025-12-04 04:18:23,6467,APAC,0.053
301,2025-12-04 06:50:23,7691,NA,0.105
302,2025-12-04 10:02:22,2908,APAC,0.048
303,2025-12-04 01:55:24,7100,NA,0.031
304,2025-12-04 09:40:58,9826,NA,0.072
305,2025-12-04 08:01:59,2231,APAC,0.06
306,2025-12-04 06:37:02,4575,APAC,0.059
307,2025-12-04 19:21:14,11360,NA,0.024
308,2025-12-04 20:09:47,6154,NA,0.047
309,2025-12-04 12:56:06,2269,EU,0.057
310,2025-12-04 00:26:30,16,NA,0.087
311,2025-12-04 12:08:12,31,EU,0.027
312,2025-12-04 16:56:42,7896,NA,0.051
313,2025-12-05 23:56:32,5018,APAC,0.07
314,2025-12-05 11:54:03,11970,APAC,0.062
315,2025-12-05 08:17:30,583,NA,0.07
316,2025-12-05 04:44:39,1623,NA,0.085
317,2025-12-05 16:59:51,8145,NA,0.099
318,2025-12-05 05:34:11,11514,EU,0.026
319,2025-12-05 04:22:47,3403,NA,0.014
320,2025-12-05 14:31:32,8486,APAC,0.062
321,2025-12-05 00:48:50,11407,EU,0.029
322,2025-12-05 10:07:39,11379,NA,0.06
323,2025-12-05 16:17:45,10134,EU,0.047
324,2025-12-05 06:05:37,7841,NA,0.116
325,2025-12-05 00:27:36,3353,EU,0.08
326,2025-12-05 02:39:29,6501,NA,0.061
327,2025-12-05 07:06:53,7770,EU,0.088
328,2025-12-05 09:20:10,600,EU,0.106
329,2025-12-06 03:55:12,8657,NA,0.023
330,2025-12-06 12:48:18,11598,NA,0.0
331,2025-12-06 02:25:14,859,EU,0.058
332,2025-12-06 19:51:17,7400,NA,0.046
333,2025-12-06 19:44:40,5977,NA,0.036
334,2025-12-06 17:30:15,10335,NA,0.116
335,2025-12-06 11:46:01,11765,NA,0.076
336,2025-12-06 10:07:38,9469,EU,0.038
337,2025-12-06 20:21:51,11286,NA,0.067
338,2025-12-06 07:55:32,4295,NA,0.095
339,2025-12-06 06:14:59,494,EU,0.087
340,2025-12-06 22:49:57,512,NA,0.079
341,2025-12-06 07:00:13,6268,NA,0.044
342,2025-12-06 09:14:32,6210,EU,0.024
343,2025-12-06 11:04:02,2943,NA,0.114
344,2025-12-06 05:46:13,5839,NA,0.071
345,2025-12-06 20:00:33,9970,EU,0.047
346,2025-12-06 15:34:35,9551,NA,0.023
347,2025-12-06 05:23:17,2175,NA,0.054
348,2025-12-06 19:19:12,2979,APAC,0.072
349,2025-12-06 13:13:43,8501,NA,0.037
350,2025-12-06 16:28:27,4883,NA,0.043
351,2025-12-07 03:16:34,9382,NA,0.06
352,2025-12-07 02:45:42,5474,EU,0.009
353,2025-12-07 15:49:30,668,NA,0.028
354,2025-12-07 21:59:54,3674,APAC,0.08
355,2025-12-07 10:34:09,4702,EU,0.075
356,2025-12-07 12:56:21,3775,EU,0.056
357,2025-12-07 08:31:12,7462,EU,0.035
358,2025-12-07 12:52:17,3879,EU,0.107
359,2025-12-07 04:42:03,10717,NA,0.013
360,2025-12-07 07:33:53,5778,NA,0.01
361,2025-12-07 14:59:30,1730,NA,0.093
362,2025-12-07 14:06:44,2744,NA,0.071
363,2025-12-07 20:43:31,10915,NA,0.082
364,2025-12-07 07:20:22,263,NA,0.04
365,2025-12-07 01:33:41,7626,NA,0.061
366,2025-12-07 17:13:49,6728,NA,0.058
367,2025-12-07 15:35:18,9347,EU,0.043
368,2025-12-07 21:44:41,6120,NA,0.053
369,2025-12-07 18:52:48,10111,APAC,0.005
370,2025-12-07 23:23:53,6937,NA,0.061
371,2025-12-07 05:03:20,9970,NA,0.043
372,2025-12-08 19:38:43,6341,NA,0.056
373,2025-12-08 06:06:30,7563,APAC,0.058
374,2025-12-08 19:03:25,9615,NA,0.045
375,2025-12-08 19:30:11,9522,NA,0.031
376,2025-12-08 05:35:33,9234,EU,0.043
377,2025-12-08 10:47:45,7779,APAC,0.063
378,2025-12-08 17:37:15,3785,EU,0.029
379,2025-12-08 05:02:50,2179,NA,0.067
380,2025-12-08 12:55:11,7497,NA,0.055
381,2025-12-08 08:11:33,9247,APAC,0.097
382,2025-12-08 16:42:42,7021,NA,0.048
383,2025-12-08 03:31:21,7434,APAC,0.076
384,2025-12-08 12:56:24,1862,EU,0.007
385,2025-12-08 01:14:45,7604,EU,0.039
386,2025-12-08 18:32:07,6908,EU,0.021
387,2025-12-08 23:10:52,3579,NA,0.089
388,2025-12-08 03:31:35,7704,EU,0.042
389,2025-12-08 16:07:14,8832,NA,0.004
390,2025-12-08 10:53:53,9535,EU,0.06
391,2025-12-09 03:29:32,3166,NA,0.094
392,2025-12-09 05:18:03,849,EU,0.071
393,2025-12-09 04:08:24,10596,EU,0.023
394,2025-12-09 02:09:01,9253,EU,0.069
395,2025-12-09 15:07:40,7870,NA,0.045
396,2025-12-09 21:29:01,4403,NA,0.074
397,2025-12-09 21:11:18,9581,EU,0.089
398,2025-12-09 12:30:35,280,NA,0.099
399,2025-12-09 11:52:06,4879,EU,0.087
400,2025-12-09 16:46:40,153,NA,0.058
401,2025-12-09 10:31:29,7123,NA,0.033
402,2025-12-09 02:47:42,268,NA,0.042
403,2025-12-09 04:47:21,4625,NA,0.04
404,2025-12-09 21:11:05,5988,EU,0.107
405,2025-12-10 13:39:59,5296,NA,0.106
406,2025-12-10 05:11:27,8132,EU,0.07
407,2025-12-10 18:26:42,8409,NA,0.039
408,2025-12-10 10:52:14,2359,EU,0.046
409,2025-12-10 02:14:55,10024,NA,0.086
410,2025-12-10 03:45:54,4407,EU,0.13
411,2025-12-10 15:16:59,11584,APAC,0.05
412,2025-12-10 11:52:02,5616,APAC,0.116
413,2025-12-10 15:39:23,3318,NA,0.019
414,2025-12-10 09:17:15,5738,APAC,0.086
415,2025-12-10 17:34:42,745,NA,0.033
416,2025-12-10 01:57:55,1628,EU,0.033
417,2025-12-10 17:11:17,9581,EU,0.06
418,2025-12-10 14:55:15,5538,NA,0.042
419,2025-12-10 20:19:49,3112,APAC,0.085
420,2025-12-10 19:32:48,1325,APAC,0.092
421,2025-12-11 01:00:23,7449,NA,0.093
422,2025-12-11 18:46:07,8769,NA,0.024
423,2025-12-11 11:33:09,1355,NA,0.082
424,2025-12-11 07:08:37,11799,NA,0.068
425,2025-12-11 01:52:07,7382,NA,0.145
426,2025-12-11 10:16:11,6793,NA,0.035
427,2025-12-11 06:56:18,9042,NA,0.093
428,2025-12-11 23:10:15,9802,NA,0.048
429,2025-12-11 11:12:59,6351,NA,0.034
430,2025-12-11 09:53:54,3346,NA,0.045
431,2025-12-11 21:52:46,3768,EU,0.05
432,2025-12-11 20:08:06,569,EU,0.04
433,2025-12-11 07:02:23,1463,APAC,0.078
434,2025-12-11 21:35:27,6009,EU,0.017
435,2025-12-11 00:05:07,11462,APAC,0.055
436,2025-12-11 22:38:05,11336,NA,0.107
437,2025-12-11 10:36:59,6777,EU,0.09
438,2025-12-11 07:23:56,2997,APAC,0.124
439,2025-12-11 23:50:14,3766,EU,0.049
440,2025-12-11 10:40:31,183,NA,0.095
441,2025-12-11 03:17:35,8636,NA,0.087
442,2025-12-11 13:37:57,7500,APAC,0.01
443,2025-12-11 23:45:50,7039,NA,0.024
444,2025-12-12 17:45:47,11070,NA,0.043
445,2025-12-12 05:16:34,6223,EU,0.033
446,2025-12-12 10:12:08,10619,NA,0.097
447,2025-12-12 11:28:46,8633,APAC,0.059
448,2025-12-12 01:13:45,9472,NA,0.089
449,2025-12-12 15:36:00,9237,EU,0.0
450,2025-12-12 21:15:10,10032,EU,0.099
451,2025-12-12 03:10:31,11654,NA,0.047
452,2025-12-12 09:52:09,2168,NA,0.116
453,2025-12-12 23:49:29,4056,APAC,0.069
454,2025-12-12 18:01:23,6081,NA,0.044
455,2025-12-12 11:58:35,969,APAC,0.142
456,2025-12-12 14:56:12,9512,NA,0.092
457,2025-12-12 07:48:22,6438,NA,0.082
458,2025-12-12 22:25:53,10746,APAC,0.105
459,2025-12-12 09:30:13,1540,NA,0.013
460,2025-12-12 16:22:33,5572,NA,0.057
461,2025-12-12 03:23:20,137,NA,0.112
462,2025-12-12 18:32:22,121,EU,0.063
463,2025-12-12 15:57:14,3685,APAC,0.082
464,2025-12-12 01:43:11,2556,NA,0.051
465,2025-12-12 15:21:22,1915,EU,0.045
466,2025-12-12 09:20:22,9835,NA,0.087
467,2025-12-12 02:18:15,2710,EU,0.075
468,2025-12-12 07:39:04,7397,APAC,0.008
469,2025-12-12 20:41:41,10764,NA,0.106
470,2025-12-13 19:02:56,5792,NA,0.092
471,2025-12-13 02:33:24,3664,APAC,0.117
472,2025-12-13 18:27:51,6444,NA,0.099
473,2025-12-13 13:38:46,9074,NA,0.016
474,2025-12-13 08:34:13,5474,EU,0.072
475,2025-12-13 06:21:22,4580,NA,0.076
476,2025-12-13 09:50:34,10901,EU,0.127
477,2025-12-13 04:58:26,6744,EU,0.049
478,2025-12-13 20:08:07,2996,EU,0.1
479,2025-12-13 22:19:56,1682,APAC,0.113
480,2025-12-13 11:28:33,9256,NA,0.07
481,2025-12-13 19:44:15,11902,EU,0.115
482,2025-12-13 19:11:46,7087,NA,0.092
483,2025-12-13 18:40:18,10202,NA,0.082
484,2025-12-13 21:14:43,2633,APAC,0.072
485,2025-12-13 03:15:04,5185,NA,0.091
486,2025-12-13 16:08:52,3046,EU,0.06
487,2025-12-13 23:15:48,9711,NA,0.102
488,2025-12-13 16:57:43,11030,NA,0.061
489,2025-12-13 12:48:25,8504,EU,0.067
490,2025-12-13 09:55:18,8183,NA,0.082
491,2025-12-13 20:08:49,7377,NA,0.045
492,2025-12-13 18:06:41,8817,EU,0.085
493,2025-12-14 19:34:01,8536,APAC,0.072
494,2025-12-14 17:46:18,1820,EU,0.127
495,2025-12-14 16:09:26,116,NA,0.119
496,2025-12-14 17:48:34,8761,NA,0.134
497,2025-12-14 10:46:04,2010,APAC,0.053
498,2025-12-14 07:37:07,4381,NA,0.076
499,2025-12-14 15:33:51,5630,EU,0.133
500,2025-12-14 07:24:16,2786,NA,0.021
501,2025-12-14 19:46:42,6915,APAC,0.107
502,2025-12-14 08:33:04,11651,NA,0.062
503,2025-12-14 17:39:37,9650,EU,0.139
504,2025-12-14 13:19:14,974,NA,0.127
505,2025-12-14 07:12:04,9276,APAC,0.097
506,2025-12-14 20:02:42,9461,APAC,0.115
507,2025-12-14 16:00:23,10680,EU,0.094
508,2025-12-14 15:08:46,2083,EU,0.109
509,2025-12-14 03:32:04,10739,EU,0.081
510,2025-12-14 22:44:12,4569,NA,0.043
511,2025-12-14 08:26:06,9787,NA,0.051
512,2025-12-14 16:06:50,886,EU,0.093
513,2025-12-14 04:41:32,8192,EU,0.012
514,2025-12-14 09:02:44,7131,APAC,0.042
515,2025-12-14 03:32:07,4176,EU,0.073
516,2025-12-14 23:05:20,6955,APAC,0.085
517,2025-12-15 11:13:55,5682,EU,0.118
518,2025-12-15 08:20:01,11787,EU,0.096
519,2025-12-15 12:55:25,7741,NA,0.098
520,2025-12-15 02:36:00,2990,EU,0.086
521,2025-12-15 17:45:21,3577,EU,0.083
522,2025-12-15 01:05:02,4157,NA,0.048
523,2025-12-15 19:58:36,5791,NA,0.101
524,2025-12-15 12:35:52,1813,NA,0.072
525,2025-12-15 02:03:25,2908,EU,0.091
526,2025-12-15 07:05:32,3049,EU,0.106
527,2025-12-15 04:20:09,7758,NA,0.096
528,2025-12-15 22:37:50,10398,NA,0.134
529,2025-12-15 11:26:49,3188,NA,0.069
530,2025-12-15 02:45:12,7882,APAC,0.108
531,2025-12-15 00:02:54,7552,EU,0.108
532,2025-12-15 12:55:41,595,NA,0.108
533,2025-12-15 12:22:15,1697,NA,0.091
534,2025-12-15 06:44:53,3021,NA,0.126
535,2025-12-16 18:56:52,1826,APAC,0.113
536,2025-12-16 21:31:32,8999,NA,0.114
537,2025-12-16 08:10:32,11153,EU,0.177
538,2025-12-16 18:19:43,3568,EU,0.12
539,2025-12-16 02:10:51,8567,EU,0.098
540,2025-12-16 18:39:38,5346,APAC,0.089
541,2025-12-16 16:16:37,1983,NA,0.08
542,2025-12-16 12:57:54,10733,EU,0.093
543,2025-12-16 21:37:16,3716,EU,0.126
544,2025-12-16 14:48:21,11106,EU,0.086
545,2025-12-16 13:06:50,6765,NA,0.094
546,2025-12-16 13:42:09,9800,NA,0.115
547,2025-12-16 18:07:39,8083,APAC,0.063
548,2025-12-16 06:23:29,5943,APAC,0.097
549,2025-12-16 20:35:39,1733,EU,0.161
550,2025-12-16 13:23:56,4935,APAC,0.121
551,2025-12-16 01:02:19,6572,NA,0.091
552,2025-12-16 23:44:21,2446,APAC,0.123
553,2025-12-16 17:12:03,7923,EU,0.037
554,2025-12-16 01:17:03,10224,NA,0.066
555,2025-12-16 02:39:41,9304,EU,0.097
556,2025-12-16 07:28:38,4979,EU,0.091
557,2025-12-16 06:22:48,9261,NA,0.124
558,2025-12-16 04:17:45,10106,NA,0.068
559,2025-12-16 21:33:30,9682,EU,0.125
560,2025-12-16 23:00:43,10234,NA,0.093
561,2025-12-17 05:13:44,8530,NA,0.135
562,2025-12-17 11:59:52,3604,NA,0.15
563,2025-12-17 01:17:19,7580,EU,0.113
564,2025-12-17 15:06:49,5207,NA,0.149
565,2025-12-17 14:31:02,955,APAC,0.138
566,2025-12-17 11:42:07,9875,NA,0.104
567,2025-12-17 17:14:15,5563,EU,0.099
568,2025-12-17 23:03:08,1479,EU,0.114
569,2025-12-17 13:32:46,946,APAC,0.141
570,2025-12-17 23:36:14,4374,EU,0.113
571,2025-12-17 00:35:18,6106,APAC,0.124
572,2025-12-17 00:45:32,3037,NA,0.112
573,2025-12-17 15:56:10,8390,EU,0.125
574,2025-12-17 04:39:12,7978,EU,0.145
575,2025-12-17 14:36:28,841,EU,0.09
576,2025-12-17 08:34:58,1647,NA,0.148
577,2025-12-17 17:10:00,27,APAC,0.123
578,2025-12-17 09:37:43,7481,EU,0.161
579,2025-12-17 00:41:24,5921,NA,0.109
580,2025-12-17 23:06:54,11536,NA,0.129
581,2025-12-17 10:02:57,8980,NA,0.135
582,2025-12-17 11:08:41,246,NA,0.113
583,2025-12-17 10:22:45,10947,APAC,0.161
584,2025-12-17 02:25:44,1651,EU,0.13
585,2025-12-17 03:41:41,1085,EU,0.049
586,2025-12-17 07:03:29,10903,EU,0.121
587,2025-12-17 01:37:01,1107,APAC,0.088
588,2025-12-18 01:21:18,1981,APAC,0.096
589,2025-12-18 03:11:57,2360,EU,0.187
590,2025-12-18 16:05:58,4142,NA,0.163
591,2025-12-18 20:34:35,6117,APAC,0.162
592,2025-12-18 06:46:39,805,EU,0.144
593,2025-12-18 12:19:56,3946,NA,0.13
594,2025-12-18 15:00:51,6289,EU,0.152
595,2025-12-18 04:23:11,11907,EU,0.116
596,2025-12-18 13:20:41,7759,EU,0.085
597,2025-12-18 06:02:37,7464,NA,0.069
598,2025-12-18 11:36:22,7166,APAC,0.14
599,2025-12-18 17:03:53,5644,NA,0.128
600,2025-12-18 13:56:05,1080,NA,0.126
601,2025-12-18 14:58:15,8397,NA,0.096
602,2025-12-18 22:48:30,9813,NA,0.152
603,2025-12-18 07:09:18,6790,EU,0.128
604,2025-12-18 07:33:19,8846,APAC,0.102
605,2025-12-18 14:26:04,7285,EU,0.117
606,2025-12-18 05:26:26,10257,NA,0.133
607,2025-12-18 21:24:13,11277,NA,0.114
608,2025-12-19 14:32:38,2059,APAC,0.172
609,2025-12-19 00:02:25,2417,NA,0.142
610,2025-12-19 01:35:14,4217,EU,0.174
611,2025-12-19 23:06:30,1427,EU,0.137
612,2025-12-19 14:03:39,3781,APAC,0.149
613,2025-12-19 21:18:51,2099,EU,0.169
614,2025-12-19 12:30:50,8741,EU,0.122
615,2025-12-19 21:25:46,8170,EU,0.125
616,2025-12-19 04:32:40,6913,EU,0.161
617,2025-12-19 04:34:09,1388,EU,0.151
618,2025-12-19 08:42:37,1221,EU,0.062
619,2025-12-19 19:33:53,10666,EU,0.152
620,2025-12-19 17:36:11,6851,NA,0.166
621,2025-12-19 15:10:30,10478,EU,0.15
622,2025-12-19 08:23:21,7556,NA,0.121
623,2025-12-19 17:46:51,2215,EU,0.153
624,2025-12-19 01:17:05,5273,NA,0.153
625,2025-12-19 02:11:25,1084,EU,0.163
626,2025-12-19 19:50:37,3290,NA,0.178
627,2025-12-19 16:14:41,10446,APAC,0.1
628,2025-12-19 04:26:46,7858,APAC,0.165
629,2025-12-19 15:22:10,1517,NA,0.172
630,2025-12-19 07:55:19,2516,EU,0.165
631,2025-12-19 02:22:02,6062,EU,0.189
632,2025-12-19 05:25:39,5204,NA,0.149
633,2025-12-19 19:10:02,2516,APAC,0.111
634,2025-12-19 22:13:41,7970,APAC,0.092
635,2025-12-19 16:41:13,8882,EU,0.144
636,2025-12-19 00:14:08,5823,NA,0.14
637,2025-12-19 05:59:54,7917,EU,0.201
638,2025-12-20 05:16:38,2693,NA,0.112
639,2025-12-20 09:08:04,1879,NA,0.155
640,2025-12-20 04:16:20,10837,NA,0.141
641,2025-12-20 06:05:48,8619,APAC,0.191
642,2025-12-20 10:47:20,6870,APAC,0.167
643,2025-12-20 23:56:28,2158,NA,0.101
644,2025-12-20 04:12:19,1856,NA,0.131
645,2025-12-20 20:01:45,2194,NA,0.176
646,2025-12-20 07:00:17,1495,APAC,0.123
647,2025-12-20 19:24:27,7902,EU,0.139
648,2025-12-20 13:59:42,4577,APAC,0.212
649,2025-12-20 23:11:12,10226,NA,0.139
650,2025-12-20 06:39:15,5284,NA,0.184
651,2025-12-20 10:23:12,7377,NA,0.17
652,2025-12-20 00:41:19,8072,NA,0.151
653,2025-12-20 15:13:47,2226,NA,0.178
654,2025-12-20 13:42:09,9147,NA,0.197
655,2025-12-20 08:58:42,8249,EU,0.211
656,2025-12-20 23:28:06,6925,NA,0.088
657,2025-12-20 01:34:12,7064,APAC,0.143
658,2025-12-20 15:42:35,5399,NA,0.083
659,2025-12-20 05:59:49,11094,NA,0.161
660,2025-12-20 22:08:14,10382,NA,0.17
661,2025-12-20 06:44:01,11415,APAC,0.097
662,2025-12-20 19:46:57,4843,APAC,0.175
663,2025-12-20 04:50:31,6645,NA,0.21
664,2025-12-20 05:33:37,11306,NA,0.193
665,2025-12-20 02:01:54,8029,NA,0.142
666,2025-12-20 03:11:57,407,NA,0.156
667,2025-12-20 04:46:43,6997,APAC,0.161
668,2025-12-20 13:26:31,4085,EU,0.126
669,2025-12-20 16:01:45,45,NA,0.108
670,2025-12-20 04:22:57,10308,EU,0.147
671,2025-12-21 22:25:12,5894,EU,0.126
672,2025-12-21 03:21:59,40,NA,0.132
673,2025-12-21 14:05:22,6539,EU,0.151
674,2025-12-21 16:40:10,5369,NA,0.155
675,2025-12-21 12:42:35,190,APAC,0.157
676,2025-12-21 10:39:45,8376,NA,0.164
677,2025-12-21 17:20:12,3903,APAC,0.172
678,2025-12-21 13:35:51,11105,APAC,0.168
679,2025-12-21 12:42:57,31,NA,0.152
680,2025-12-21 07:10:34,8659,NA,0.132
681,2025-12-21 14:33:41,2014,APAC,0.18
682,2025-12-21 17:37:42,704,EU,0.19
683,2025-12-21 14:15:09,10232,APAC,0.157
684,2025-12-21 18:05:52,10368,APAC,0.16
685,2025-12-21 18:42:27,294,APAC,0.184
686,2025-12-21 15:17:11,10058,NA,0.172
687,2025-12-21 03:15:01,221,NA,0.115
688,2025-12-21 11:35:22,3657,NA,0.111
689,2025-12-21 22:38:49,3384,NA,0.157
690,2025-12-21 12:01:28,4164,APAC,0.201
691,2025-12-21 10:24:50,6760,EU,0.142
692,2025-12-21 16:07:50,3744,NA,0.162
693,2025-12-21 20:08:26,1067,NA,0.118
694,2025-12-21 19:10:05,8647,EU,0.18
695,2025-12-21 06:37:06,7669,EU,0.117
696,2025-12-21 13:01:34,1943,EU,0.181
697,2025-12-21 03:22:33,200,NA,0.159
698,2025-12-21 04:01:25,5066,APAC,0.181
699,2025-12-21 17:50:50,11153,EU,0.149
700,2025-12-21 12:43:20,5062,APAC,0.183
701,2025-12-21 04:06:57,6517,NA,0.183
702,2025-12-21 22:59:18,9865,EU,0.203
703,2025-12-21 20:52:56,4354,NA,0.147
704,2025-12-22 08:39:32,988,APAC,0.172
705,2025-12-22 11:37:38,8923,APAC,0.175
706,2025-12-22 08:18:19,2348,EU,0.103
707,2025-12-22 16:38:09,5757,EU,0.224
708,2025-12-22 00:07:41,7683,NA,0.148
709,2025-12-22 17:35:10,937,EU,0.158
710,2025-12-22 20:47:47,9740,NA,0.175
711,2025-12-22 19:39:33,8526,EU,0.166
712,2025-12-22 06:36:14,10652,NA,0.103
713,2025-12-22 00:56:29,10119,NA,0.171
714,2025-12-22 13:57:31,10509,EU,0.127
715,2025-12-22 19:07:38,11083,EU,0.184
716,2025-12-22 02:43:54,10046,APAC,0.146
717,2025-12-22 19:10:14,3597,NA,0.148
718,2025-12-22 07:32:44,175,EU,0.156
719,2025-12-22 08:34:32,9319,NA,0.184
720,2025-12-22 10:53:25,9377,NA,0.166
721,2025-12-22 21:30:32,8244,NA,0.127
722,2025-12-22 04:58:39,3760,NA,0.174
723,2025-12-22 00:26:54,1794,EU,0.178
724,2025-12-22 02:30:00,4183,NA,0.228
725,2025-12-22 08:58:31,2196,EU,0.17
726,2025-12-22 01:59:33,9217,NA,0.14
727,2025-12-22 13:06:30,8361,NA,0.145
728,2025-12-22 20:29:56,9852,NA,0.141
729,2025-12-22 09:29:03,11071,EU,0.251
730,2025-12-22 22:30:16,11824,EU,0.103
731,2025-12-22 17:00:43,10154,EU,0.139
732,2025-12-22 18:49:50,910,NA,0.106
733,2025-12-22 13:58:23,89,APAC,0.192
734,2025-12-22 16:29:10,2411,EU,0.157
735,2025-12-22 06:00:07,10642,APAC,0.183
736,2025-12-22 01:07:55,1180,EU,0.102
737,2025-12-23 20:10:51,10113,NA,0.172
738,2025-12-23 15:53:21,2492,APAC,0.167
739,2025-12-23 20:23:54,6504,NA,0.159
740,2025-12-23 19:31:47,3613,NA,0.175
741,2025-12-23 13:57:32,6617,NA,0.133
742,2025-12-23 16:24:40,3229,EU,0.129
743,2025-12-23 21:24:40,1811,NA,0.14
744,2025-12-23 02:24:03,706,NA,0.188
745,2025-12-23 17:58:45,6444,NA,0.183
746,2025-12-23 13:23:33,6744,APAC,0.192
747,2025-12-23 14:18:23,6343,NA,0.189
748,2025-12-23 04:45:10,11596,EU,0.165
749,2025-12-23 06:45:47,10879,APAC,0.156
750,2025-12-23 05:09:48,2046,EU,0.166
751,2025-12-23 06:52:01,9244,NA,0.163
752,2025-12-23 23:39:50,3007,NA,0.126
753,2025-12-23 20:37:17,2103,NA,0.217
754,2025-12-23 19:10:28,8969,NA,0.11
755,2025-12-23 09:03:17,3496,NA,0.174
756,2025-12-23 18:26:24,5875,NA,0.189
757,2025-12-23 05:27:58,8631,EU,0.123
758,2025-12-23 20:07:11,6134,EU,0.165
759,2025-12-23 15:22:57,4654,NA,0.138
760,2025-12-23 17:42:36,7909,NA,0.183
761,2025-12-23 20:49:47,8543,NA,0.15
762,2025-12-23 22:49:47,417,NA,0.201
763,2025-12-23 15:49:53,6159,NA,0.136
764,2025-12-23 14:30:39,10307,NA,0.217
765,2025-12-23 07:44:41,4927,EU,0.119
766,2025-12-23 10:33:34,1701,NA,0.212
767,2025-12-23 18:49:01,5181,EU,0.226
768,2025-12-23 05:55:52,6072,APAC,0.189
769,2025-12-23 15:26:53,8040,NA,0.128
770,2025-12-23 23:42:33,6087,NA,0.157
771,2025-12-23 01:15:50,10735,NA,0.182
772,2025-12-23 18:07:35,119,APAC,0.146
773,2025-12-23 06:28:03,3515,EU,0.216
774,2025-12-23 02:12:54,8089,NA,0.155
775,2025-12-23 02:15:06,4498,NA,0.187
776,2025-12-23 22:53:58,9654,EU,0.162
777,2025-12-23 05:23:44,4256,NA,0.193
778,2025-12-23 13:31:07,9004,NA,0.188
779,2025-12-24 15:38:19,2707,EU,0.22
780,2025-12-24 18:01:17,11561,EU,0.111
781,2025-12-24 02:27:12,6707,EU,0.144
782,2025-12-24 20:16:47,9316,APAC,0.126
783,2025-12-24 06:38:47,3161,NA,0.186
784,2025-12-24 01:42:00,8328,APAC,0.21
785,2025-12-24 04:38:03,9571,NA,0.174
786,2025-12-24 06:17:31,3486,NA,0.131
787,2025-12-24 16:51:46,9100,NA,0.137
788,2025-12-24 19:50:52,6970,EU,0.154
789,2025-12-24 03:57:16,6141,NA,0.177
790,2025-12-24 01:43:40,4535,EU,0.145
791,2025-12-24 23:34:33,7777,NA,0.127
792,2025-12-24 08:12:29,3545,EU,0.182
793,2025-12-24 18:40:47,5637,NA,0.145
794,2025-12-24 04:30:22,1070,EU,0.142
795,2025-12-24 15:59:05,2922,EU,0.194
796,2025-12-24 19:36:17,9677,NA,0.087
797,2025-12-24 01:23:53,9622,EU,0.131
798,2025-12-24 12:27:08,8232,NA,0.148
799,2025-12-24 18:40:25,90,APAC,0.121
800,2025-12-24 11:01:31,8125,NA,0.22
801,2025-12-24 17:07:44,3383,NA,0.116
802,2025-12-24 23:40:14,714,NA,0.153
803,2025-12-24 12:54:27,9906,EU,0.171
804,2025-12-24 03:19:53,4813,APAC,0.177
805,2025-12-24 21:56:18,11,EU,0.2
806,2025-12-24 19:03:15,11586,NA,0.149
807,2025-12-24 21:53:12,7849,EU,0.192
808,2025-12-24 02:16:30,4766,APAC,0.137
809,2025-12-24 06:32:19,1825,NA,0.208
810,2025-12-24 17:05:47,8094,APAC,0.174
811,2025-12-24 23:13:07,1633,EU,0.193
812,2025-12-24 21:16:30,9176,EU,0.178
813,2025-12-24 22:14:21,8519,APAC,0.179
814,2025-12-24 23:26:48,338,APAC,0.122
815,2025-12-24 07:33:34,7979,APAC,0.216
816,2025-12-24 04:26:37,757,EU,0.192
817,2025-12-24 05:47:19,400,NA,0.168
818,2025-12-24 10:52:57,210,NA,0.175
819,2025-12-24 17:02:49,2339,EU,0.172
820,2025-12-24 09:39:20,11048,NA,0.123
821,2025-12-24 09:24:24,6818,NA,0.171
822,2025-12-24 18:37:10,2854,APAC,0.175
823,2025-12-24 16:06:44,9896,APAC,0.167
824,2025-12-25 03:48:51,6897,NA,0.17
825,2025-12-25 21:04:06,8084,NA,0.164
826,2025-12-25 19:44:19,3205,APAC,0.201
827,2025-12-25 01:30:58,1105,EU,0.169
828,2025-12-25 12:54:03,11511,EU,0.143
829,2025-12-25 03:18:17,206,APAC,0.143
830,2025-12-25 16:08:58,11786,NA,0.191
831,2025-12-25 15:36:46,5601,NA,0.166
832,2025-12-25 12:22:48,11548,EU,0.15
833,2025-12-25 23:58:18,11570,EU,0.179
834,2025-12-25 22:49:19,9175,NA,0.175
835,2025-12-25 15:48:34,10763,EU,0.144
836,2025-12-25 03:48:24,873,NA,0.171
837,2025-12-25 08:52:59,1209,NA,0.143
838,2025-12-25 22:07:50,16,NA,0.178
839,2025-12-25 03:39:01,10292,NA,0.147
840,2025-12-25 04:51:55,1701,EU,0.155
841,2025-12-25 12:50:46,5847,APAC,0.18
842,2025-12-25 12:11:13,3458,APAC,0.182
843,2025-12-25 22:56:51,11432,EU,0.122
844,2025-12-25 15:13:22,6968,NA,0.143
845,2025-12-25 18:12:45,2425,NA,0.155
846,2025-12-25 05:21:29,1358,NA,0.157
847,2025-12-25 09:13:25,7701,NA,0.178
848,2025-12-25 16:04:57,10573,NA,0.099
849,2025-12-25 16:59:32,11332,NA,0.108
850,2025-12-25 20:00:02,11740,NA,0.141
851,2025-12-25 08:18:58,2559,NA,0.15
852,2025-12-25 08:50:05,6565,NA,0.083
853,2025-12-25 13:58:57,10962,NA,0.177
854,2025-12-25 23:00:20,3526,EU,0.142
855,2025-12-25 19:52:06,11366,EU,0.174
856,2025-12-25 13:03:53,3567,NA,0.138
857,2025-12-25 15:26:30,1100,EU,0.159
858,2025-12-25 13:57:19,4179,EU,0.151
859,2025-12-25 00:05:19,10536,NA,0.203
860,2025-12-25 18:15:47,1473,EU,0.178
861,2025-12-25 00:45:32,7746,NA,0.121
862,2025-12-25 09:23:17,5756,NA,0.214
863,2025-12-25 21:23:44,6898,EU,0.138
864,2025-12-25 05:43:17,10670,NA,0.17
865,2025-12-25 12:06:24,6725,EU,0.218
866,2025-12-25 19:28:52,10044,EU,0.174
867,2025-12-25 14:40:30,449,EU,0.164
868,2025-12-25 14:20:58,5982,NA,0.139
869,2025-12-25 17:24:52,9858,EU,0.137
870,2025-12-25 02:23:43,8979,NA,0.132
871,2025-12-25 12:20:56,9427,NA,0.129
872,2025-12-25 08:33:11,9684,EU,0.137
873,2025-12-25 14:53:52,7828,NA,0.114
874,2025-12-25 14:49:03,198,EU,0.172
875,2025-12-25 02:22:44,5734,NA,0.19
876,2025-12-25 00:15:03,6785,EU,0.154
877,2025-12-25 15:10:50,652,NA,0.148
878,2025-12-25 14:39:12,9969,EU,0.087
879,2025-12-25 20:44:10,5526,APAC,0.205
880,2025-12-26 18:14:50,10872,NA,0.194
881,2025-12-26 21:48:20,5900,NA,0.209
882,2025-12-26 13:28:06,6967,NA,0.144
883,2025-12-26 22:28:33,10885,NA,0.218
884,2025-12-26 16:05:44,2250,APAC,0.168
885,2025-12-26 11:25:22,9249,APAC,0.104
886,2025-12-26 05:15:19,2790,NA,0.122
887,2025-12-26 04:18:12,11946,NA,0.161
888,2025-12-26 23:23:38,1149,NA,0.171
889,2025-12-26 03:32:57,8928,NA,0.176
890,2025-12-26 00:04:45,3942,NA,0.114
891,2025-12-26 06:24:18,5184,EU,0.158
892,2025-12-26 17:58:38,1488,NA,0.131
893,2025-12-26 10:13:36,6983,NA,0.17
894,2025-12-26 13:32:48,6696,APAC,0.135
895,2025-12-26 06:38:37,1358,NA,0.197
896,2025-12-26 06:44:53,8697,EU,0.14
897,2025-12-26 01:49:04,3361,NA,0.167
898,2025-12-26 02:23:40,5673,NA,0.188
899,2025-12-26 09:08:45,3498,NA,0.166
900,2025-12-26 07:56:20,7451,NA,0.209
901,2025-12-26 12:23:03,4092,EU,0.097
902,2025-12-26 07:18:53,899,APAC,0.135
903,2025-12-26 02:25:02,4690,NA,0.178
904,2025-12-26 10:27:25,4154,NA,0.129
905,2025-12-26 22:21:48,1395,EU,0.121
906,2025-12-26 00:08:41,2681,EU,0.197
907,2025-12-26 20:43:38,10004,NA,0.147
908,2025-12-26 05:28:28,9541,EU,0.161
909,2025-12-26 22:12:03,7851,APAC,0.102
910,2025-12-26 13:29:16,2490,APAC,0.101
911,2025-12-26 23:05:49,7330,APAC,0.148
912,2025-12-26 09:28:39,2427,NA,0.142
913,2025-12-26 16:01:49,5817,NA,0.171
914,2025-12-26 03:32:25,3972,EU,0.196
915,2025-12-27 16:18:46,9365,EU,0.136
916,2025-12-27 06:13:13,375,NA,0.114
917,2025-12-27 18:25:26,9469,APAC,0.125
918,2025-12-27 13:32:14,5366,NA,0.16
919,2025-12-27 23:35:47,471,EU,0.103
920,2025-12-27 17:54:48,7416,NA,0.111
921,2025-12-27 02:24:20,473,APAC,0.17
922,2025-12-27 20:43:48,1935,NA,0.144
923,2025-12-27 23:06:52,5887,APAC,0.095
924,2025-12-27 07:34:33,8575,EU,0.166
925,2025-12-27 21:17:49,7765,NA,0.168
926,2025-12-27 19:01:40,9124,EU,0.147
927,2025-12-27 12:06:31,7940,NA,0.137
928,2025-12-27 23:52:05,5220,EU,0.144
929,2025-12-27 10:51:02,5116,EU,0.164
930,2025-12-27 11:08:05,9844,NA,0.117
931,2025-12-27 00:03:54,1056,NA,0.125
932,2025-12-27 13:24:14,2908,APAC,0.097
933,2025-12-27 04:56:00,2329,NA,0.199
934,2025-12-27 22:17:52,7095,EU,0.156
935,2025-12-27 19:52:53,11648,NA,0.093
936,2025-12-27 09:01:00,5798,NA,0.135
937,2025-12-27 04:06:37,7202,EU,0.108
938,2025-12-27 03:43:46,2999,NA,0.178
939,2025-12-27 22:36:33,5006,EU,0.155
940,2025-12-27 07:38:51,4707,APAC,0.134
941,2025-12-27 19:09:02,3479,NA,0.095
942,2025-12-27 18:00:18,10293,NA,0.178
943,2025-12-27 18:00:42,962,NA,0.106
944,2025-12-27 04:36:17,3431,NA,0.111
945,2025-12-27 04:05:09,8765,NA,0.11
946,2025-12-27 06:16:38,9685,EU,0.112
947,2025-12-27 01:09:26,6288,NA,0.136
948,2025-12-27 19:23:58,2544,NA,0.161
949,2025-12-28 09:04:17,847,NA,0.125
950,2025-12-28 04:26:30,2272,NA,0.122
951,2025-12-28 20:18:11,11933,EU,0.203
952,2025-12-28 14:10:03,11400,EU,0.151
953,2025-12-28 21:04:51,10952,NA,0.15
954,2025-12-28 20:42:44,11952,NA,0.093
955,2025-12-28 18:41:19,2674,APAC,0.09
956,2025-12-28 01:04:13,10442,EU,0.126
957,2025-12-28 09:51:21,5488,NA,0.139
958,2025-12-28 01:01:59,9088,EU,0.127
959,2025-12-28 12:38:37,5825,NA,0.136
960,2025-12-28 09:40:34,10869,NA,0.142
961,2025-12-28 17:55:26,9217,NA,0.12
962,2025-12-28 01:17:50,1890,APAC,0.2
963,2025-12-28 15:21:26,9665,EU,0.14
964,2025-12-28 14:05:19,417,NA,0.112
965,2025-12-28 15:57:18,10036,EU,0.117
966,2025-12-28 08:40:55,10646,NA,0.142
967,2025-12-28 00:15:12,6161,EU,0.125
968,2025-12-28 23:39:53,2533,EU,0.109
969,2025-12-28 16:37:00,3001,EU,0.097
970,2025-12-28 09:24:45,7870,EU,0.119
971,2025-12-28 20:36:47,6323,NA,0.146
972,2025-12-28 09:09:15,11957,APAC,0.111
973,2025-12-28 02:56:55,11728,APAC,0.113
974,2025-12-28 17:43:14,5827,NA,0.121
975,2025-12-28 12:32:23,3899,EU,0.141
976,2025-12-28 19:54:28,7360,NA,0.078
977,2025-12-28 12:48:38,5198,EU,0.129
978,2025-12-28 08:54:26,2103,EU,0.126
979,2025-12-28 12:27:22,589,NA,0.144
980,2025-12-29 20:09:56,1178,NA,0.072
981,2025-12-29 09:01:24,4513,APAC,0.086
982,2025-12-29 10:59:49,6499,APAC,0.039
983,2025-12-29 00:47:49,8350,NA,0.128
984,2025-12-29 16:18:36,5415,APAC,0.152
985,2025-12-29 14:33:45,1851,NA,0.176
986,2025-12-29 02:15:40,9470,NA,0.116
987,2025-12-29 10:06:29,6257,NA,0.187
988,2025-12-29 20:17:08,10981,EU,0.113
989,2025-12-29 21:40:21,3677,EU,0.158
990,2025-12-29 18:17:53,1110,EU,0.082
991,2025-12-29 21:40:25,8547,NA,0.127
992,2025-12-29 03:36:52,4176,EU,0.073
993,2025-12-29 18:21:19,9703,NA,0.116
994,2025-12-29 10:06:05,4112,EU,0.135
995,2025-12-29 13:27:54,10724,APAC,0.132
996,2025-12-29 05:54:33,6742,EU,0.103
997,2025-12-29 09:06:13,11581,EU,0.079
998,2025-12-29 20:22:47,8685,NA,0.125
999,2025-12-29 17:12:33,11356,EU,0.165
1000,2025-12-29 13:02:46,5398,NA,0.068
1001,2025-12-29 16:42:22,8629,NA,0.082
1002,2025-12-29 15:27:57,6301,NA,0.057
1003,2025-12-29 11:21:24,5450,EU,0.106
1004,2025-12-29 04:02:06,9371,NA,0.097
1005,2025-12-29 16:39:09,10239,APAC,0.124
1006,2025-12-29 14:39:25,3413,NA,0.143
1007,2025-12-29 08:24:11,1141,NA,0.091
1008,2025-12-29 02:08:17,1643,EU,0.066
1009,2025-12-30 05:57:10,4553,NA,0.105
1010,2025-12-30 17:07:58,523,APAC,0.085
1011,2025-12-30 02:23:04,9906,NA,0.095
1012,2025-12-30 17:21:30,4220,NA,0.117
1013,2025-12-30 02:18:45,6279,APAC,0.123
1014,2025-12-30 22:28:52,539,NA,0.13
1015,2025-12-30 04:03:00,10815,NA,0.139
1016,2025-12-30 17:37:58,6790,NA,0.068
1017,2025-12-30 05:59:31,6912,NA,0.102
1018,2025-12-30 03:52:19,7567,NA,0.12
1019,2025-12-30 02:49:17,1683,NA,0.082
1020,2025-12-30 06:18:30,6284,NA,0.188
1021,2025-12-30 10:18:40,8378,NA,0.114
1022,2025-12-30 09:54:55,11080,EU,0.097
1023,2025-12-30 08:55:57,2170,EU,0.147
1024,2025-12-30 02:40:44,11236,APAC,0.074
1025,2025-12-30 23:09:11,5612,EU,0.112
1026,2025-12-30 02:07:22,9602,EU,0.099
1027,2025-12-30 17:02:24,3751,NA,0.111
1028,2025-12-30 09:44:20,6159,EU,0.11
1029,2025-12-30 22:58:58,9947,NA,0.112
1030,2025-12-30 01:15:56,210,APAC,0.141
1031,2025-12-30 23:26:45,10058,NA,0.095
1032,2025-12-30 21:37:19,6462,NA,0.108
1033,2025-12-30 06:35:01,9536,APAC,0.065
1034,2025-12-31 14:50:19,10398,EU,0.155
1035,2025-12-31 10:33:21,2555,APAC,0.101
1036,2025-12-31 09:29:48,11548,EU,0.087
1037,2025-12-31 15:20:59,1218,NA,0.071
1038,2025-12-31 11:53:10,4178,NA,0.08
1039,2025-12-31 09:49:19,2447,EU,0.118
1040,2025-12-31 09:43:15,8252,NA,0.118
1041,2025-12-31 10:21:54,1242,NA,0.172
1042,2025-12-31 15:01:55,3450,EU,0.017
1043,2025-12-31 04:33:50,6117,APAC,0.098
1044,2025-12-31 16:33:43,8684,EU,0.072
1045,2025-12-31 01:02:26,9393,NA,0.078
1046,2025-12-31 12:26:28,1550,APAC,0.059
1047,2025-12-31 06:18:56,7856,NA,0.094
1048,2025-12-31 10:34:27,4826,EU,0.07
1049,2025-12-31 01:04:16,2635,NA,0.062
1050,2025-12-31 02:53:28,564,EU,0.149
1051,2025-12-31 20:19:20,10379,EU,0.089
1052,2025-12-31 16:33:02,722,APAC,0.12
1053,2025-12-31 13:11:21,9141,NA,0.074
1054,2025-12-31 00:21:44,6487,NA,0.088
1055,2025-12-31 16:01:30,4196,NA,0.042
1056,2025-12-31 19:51:07,7298,NA,0.064
1057,2025-12-31 18:16:15,5874,NA,0.111
1058,2025-12-31 23:34:01,2244,EU,0.127
1059,2025-12-31 05:31:51,7572,EU,0.057
1060,2025-12-31 06:23:08,10059,NA,0.058
1061,2025-12-31 11:03:34,4398,EU,0.106
1062,2025-12-31 11:15:58,8964,APAC,0.111
1063,2025-12-31 07:46:07,11695,NA,0.077
1064,2025-12-31 05:32:51,10399,APAC,0.079
1065,2025-12-31 23:48:33,7510,EU,0.123
1066,2025-12-31 15:29:11,1327,EU,0.14
1067,2025-12-31 03:00:47,10939,EU,0.059
1068,2026-01-01 15:34:01,7537,EU,0.083
1069,2026-01-01 01:59:52,7829,NA,0.156
1070,2026-01-01 03:11:50,227,APAC,0.08
1071,2026-01-01 09:20:22,2029,EU,0.114
1072,2026-01-01 12:25:34,3101,EU,0.05
1073,2026-01-01 06:37:57,11954,NA,0.048
1074,2026-01-01 03:53:01,158,NA,0.074
1075,2026-01-01 20:30:16,1495,NA,0.142
1076,2026-01-01 12:47:17,3943,APAC,0.079
1077,2026-01-01 17:13:35,1027,NA,0.05
1078,2026-01-01 13:23:46,11526,NA,0.123
1079,2026-01-01 03:15:15,7240,EU,0.047
1080,2026-01-01 13:33:55,3946,EU,0.119
1081,2026-01-01 07:52:36,3296,NA,0.105
1082,2026-01-01 07:29:14,3942,NA,0.039
1083,2026-01-01 07:33:08,4627,NA,0.078
1084,2026-01-01 04:17:14,732,APAC,0.108
1085,2026-01-01 09:18:03,3931,NA,0.064
1086,2026-01-01 21:48:58,289,APAC,0.081
1087,2026-01-01 10:36:56,2912,NA,0.081
1088,2026-01-01 01:01:41,10301,EU,0.132
1089,2026-01-01 23:33:58,6419,NA,0.029
1090,2026-01-01 14:40:01,5665,NA,0.061
1091,2026-01-01 18:57:14,753,EU,0.075
1092,2026-01-01 08:32:30,11238,NA,0.059
1093,2026-01-01 16:20:17,11263,NA,0.02
1094,2026-01-01 07:48:34,88,NA,0.068
1095,2026-01-01 20:24:56,7065,NA,0.102
1096,2026-01-01 02:37:20,8513,NA,0.074
1097,2026-01-01 03:48:30,11782,APAC,0.128
1098,2026-01-01 04:47:02,11907,APAC,0.117
1099,2026-01-01 15:31:51,4619,EU,0.106
1100,2026-01-01 11:05:13,10704,NA,0.041
1101,2026-01-01 20:57:49,11363,NA,0.057
1102,2026-01-02 02:15:03,4566,NA,0.037
1103,2026-01-02 00:40:25,9742,EU,0.026
1104,2026-01-02 09:38:36,11266,EU,0.093
1105,2026-01-02 11:20:32,2429,NA,0.119
1106,2026-01-02 23:37:04,7618,EU,0.075
1107,2026-01-02 14:26:58,5194,APAC,0.022
1108,2026-01-02 20:07:20,671,EU,0.065
1109,2026-01-02 08:05:23,4629,NA,0.079
1110,2026-01-02 20:27:04,10829,NA,0.098
1111,2026-01-02 12:41:39,6960,EU,0.119
1112,2026-01-02 12:08:35,2527,NA,0.083
1113,2026-01-02 21:31:06,11237,EU,0.121
1114,2026-01-02 06:59:16,3954,APAC,0.12
1115,2026-01-02 09:17:11,10500,NA,0.099
1116,2026-01-02 06:13:21,3026,EU,0.074
1117,2026-01-02 02:15:17,427,EU,0.045
1118,2026-01-02 14:39:23,6182,NA,0.069
1119,2026-01-02 19:53:18,6816,NA,0.045
1120,2026-01-02 05:16:10,5276,EU,0.08
1121,2026-01-02 05:11:19,10845,NA,0.048
1122,2026-01-02 05:06:30,2382,APAC,0.095
1123,2026-01-02 09:22:40,870,APAC,0.07
1124,2026-01-02 18:28:43,4175,APAC,0.052
1125,2026-01-02 22:05:11,8479,APAC,0.059
1126,2026-01-03 17:15:36,9399,EU,0.016
1127,2026-01-03 19:11:37,7548,APAC,0.073
1128,2026-01-03 18:24:38,11902,EU,0.088
1129,2026-01-03 17:48:51,11517,APAC,0.083
1130,2026-01-03 02:17:58,4708,NA,0.028
1131,2026-01-03 16:02:19,9361,EU,0.105
1132,2026-01-03 15:05:57,10079,NA,0.075
1133,2026-01-03 08:11:02,9373,EU,0.065
1134,2026-01-03 23:56:18,8291,APAC,0.034
1135,2026-01-03 15:45:51,8892,NA,0.055
1136,2026-01-03 06:24:13,9985,NA,0.045
1137,2026-01-03 03:13:01,6779,EU,0.086
1138,2026-01-03 12:45:56,3023,EU,0.017
1139,2026-01-03 21:37:55,1328,NA,0.048
1140,2026-01-03 21:53:55,8330,EU,0.043
1141,2026-01-03 03:47:20,187,NA,0.122
1142,2026-01-04 17:56:50,4747,EU,0.099
1143,2026-01-04 17:11:27,4823,APAC,0.067
1144,2026-01-04 23:54:44,4725,EU,0.087
1145,2026-01-04 12:36:50,2807,APAC,0.088
1146,2026-01-04 13:52:55,717,NA,0.1
1147,2026-01-04 01:03:35,7646,APAC,0.093
1148,2026-01-04 16:48:38,7921,NA,0.102
1149,2026-01-04 16:56:23,9330,EU,0.057
1150,2026-01-04 06:15:53,7334,EU,0.068
1151,2026-01-04 15:26:24,5237,EU,0.067
1152,2026-01-04 16:49:57,11720,APAC,0.095
1153,2026-01-04 11:43:18,1984,EU,0.055
1154,2026-01-04 16:51:37,6811,NA,0.062
1155,2026-01-04 05:49:41,3217,NA,0.069
1156,2026-01-04 18:33:47,8683,APAC,0.115
1157,2026-01-04 02:37:38,5434,NA,0.075
1158,2026-01-04 14:57:56,3138,EU,0.098
1159,2026-01-04 01:06:07,9351,NA,0.086
1160,2026-01-04 23:07:44,8331,APAC,0.042
1161,2026-01-04 08:26:31,3595,EU,0.057
1162,2026-01-04 12:29:56,6333,EU,0.065
1163,2026-01-04 13:51:36,3410,APAC,0.072
1164,2026-01-04 00:59:35,5495,NA,0.022
1165,2026-01-04 06:59:59,4441,NA,0.014
1166,2026-01-04 12:24:41,7763,EU,0.089
1167,2026-01-04 11:19:40,11581,EU,0.122
1168,2026-01-05 05:15:16,3139,EU,0.088
1169,2026-01-05 17:59:54,5151,NA,0.047
1170,2026-01-05 23:44:47,8039,EU,0.044
1171,2026-01-05 15:54:17,8834,APAC,0.041
1172,2026-01-05 10:26:07,8959,APAC,0.06
1173,2026-01-05 21:08:23,1528,NA,0.073
1174,2026-01-05 10:36:37,1709,NA,0.076
1175,2026-01-05 13:07:44,1372,NA,0.107
1176,2026-01-05 20:00:03,7274,EU,0.028
1177,2026-01-05 05:35:23,156,NA,0.041
1178,2026-01-05 11:51:28,995,NA,0.054
1179,2026-01-05 09:09:08,10900,NA,0.083
1180,2026-01-05 02:38:30,4959,APAC,0.088
1181,2026-01-05 12:29:35,773,NA,0.088
1182,2026-01-05 02:31:40,3842,NA,0.07
1183,2026-01-05 05:39:32,3392,NA,0.079
1184,2026-01-06 18:02:01,6535,EU,0.081
1185,2026-01-06 22:36:01,850,EU,0.024
1186,2026-01-06 20:34:35,10731,NA,0.075
1187,2026-01-06 12:22:17,10004,EU,0.089
1188,2026-01-06 15:07:11,5178,EU,0.051
1189,2026-01-06 05:27:26,7864,NA,0.017
1190,2026-01-06 15:46:14,10752,EU,0.023
1191,2026-01-06 21:46:48,1702,EU,0.066
1192,2026-01-06 05:01:43,6916,EU,0.059
1193,2026-01-06 11:25:37,3254,EU,0.04
1194,2026-01-06 01:35:53,5519,EU,0.08
1195,2026-01-06 21:26:06,8592,NA,0.05
1196,2026-01-06 08:44:48,4639,EU,0.063
1197,2026-01-06 02:52:36,2374,NA,0.015
1198,2026-01-06 11:49:06,1801,NA,0.046
1199,2026-01-06 23:56:21,6483,APAC,0.039
1200,2026-01-06 10:39:19,8210,APAC,0.045
1201,2026-01-06 15:42:45,5226,EU,0.054
1202,2026-01-06 00:57:17,10485,NA,0.074
1203,2026-01-06 16:06:23,4309,EU,0.066
1204,2026-01-06 07:01:51,2909,NA,0.0
1205,2026-01-06 11:42:49,5133,EU,0.075
1206,2026-01-06 18:21:43,4087,NA,0.049
1207,2026-01-06 05:54:16,3432,NA,0.08
1208,2026-01-06 11:35:59,3773,EU,0.0
1209,2026-01-06 14:27:48,4593,APAC,0.039
1210,2026-01-06 16:21:16,264,APAC,0.102
1211,2026-01-06 19:00:15,5622,EU,0.049
1212,2026-01-07 18:59:07,6063,APAC,0.056
1213,2026-01-07 14:35:53,9342,EU,0.06
1214,2026-01-07 08:53:36,3387,NA,0.053
1215,2026-01-07 13:23:43,8100,EU,0.036
1216,2026-01-07 02:16:04,9089,APAC,0.062
1217,2026-01-07 10:42:50,9665,EU,0.095
1218,2026-01-07 20:03:11,8524,NA,0.069
1219,2026-01-07 02:42:37,8921,APAC,0.082
1220,2026-01-07 14:04:23,8753,NA,0.093
1221,2026-01-07 17:11:24,8314,EU,0.044
1222,2026-01-07 02:35:26,5756,APAC,0.03
1223,2026-01-07 12:20:44,1453,APAC,0.053
1224,2026-01-07 14:58:30,399,NA,0.077
1225,2026-01-07 23:37:40,11684,EU,0.018
1226,2026-01-07 17:16:56,11193,EU,0.084
1227,2026-01-07 21:09:31,9683,NA,0.039
1228,2026-01-07 19:01:05,8563,NA,0.043
1229,2026-01-07 23:22:28,9694,APAC,0.048
1230,2026-01-07 01:58:02,7675,NA,0.051
1231,2026-01-07 00:25:51,10438,EU,0.011
1232,2026-01-07 03:06:01,7688,NA,0.052
1233,2026-01-07 16:05:14,4525,APAC,0.097
1234,2026-01-07 07:47:12,10197,EU,0.095
1235,2026-01-07 02:28:29,6756,APAC,0.066
1236,2026-01-07 10:54:06,10121,EU,0.058
1237,2026-01-07 19:28:02,712,NA,0.069
1238,2026-01-08 19:55:32,1845,EU,0.09
1239,2026-01-08 11:31:34,9328,EU,0.07
1240,2026-01-08 16:01:00,5718,EU,0.065
1241,2026-01-08 20:30:45,5505,EU,0.069
1242,2026-01-08 08:25:13,5345,NA,0.031
1243,2026-01-08 06:22:18,5958,EU,0.057
1244,2026-01-08 02:55:28,6598,EU,0.092
1245,2026-01-08 21:12:05,730,APAC,0.098
1246,2026-01-08 16:29:41,8648,APAC,0.101
1247,2026-01-08 07:53:57,5735,NA,0.0
1248,2026-01-08 06:28:40,7769,NA,0.017
1249,2026-01-08 01:31:12,1386,NA,0.031
1250,2026-01-08 13:46:28,2791,EU,0.069
1251,2026-01-08 04:32:05,2586,NA,0.09
1252,2026-01-08 04:42:52,10450,EU,0.042
1253,2026-01-08 06:50:53,2127,NA,0.093
1254,2026-01-08 15:00:04,11164,NA,0.0
1255,2026-01-08 18:50:44,18,NA,0.059
1256,2026-01-08 07:09:31,6056,EU,0.002
1257,2026-01-08 09:06:28,9610,EU,0.081
1258,2026-01-08 01:15:51,4590,NA,0.072
1259,2026-01-08 19:38:18,1615,EU,0.049
1260,2026-01-08 02:55:58,5656,NA,0.043
1261,2026-01-08 21:01:12,4724,EU,0.03
1262,2026-01-08 12:55:29,11674,NA,0.101
1263,2026-01-08 12:32:35,4734,APAC,0.047
1264,2026-01-08 10:12:11,6734,NA,0.035
1265,2026-01-08 10:48:06,10381,EU,0.083
1266,2026-01-09 05:25:37,2954,EU,0.062
1267,2026-01-09 17:03:12,3462,NA,0.023
1268,2026-01-09 04:50:08,2792,NA,0.083
1269,2026-01-09 03:13:30,11378,APAC,0.065
1270,2026-01-09 02:56:12,451,NA,0.054
1271,2026-01-09 10:50:51,2314,APAC,0.072
1272,2026-01-09 22:24:29,3608,EU,0.076
1273,2026-01-09 14:39:07,10952,APAC,0.005
1274,2026-01-09 07:49:13,7255,APAC,0.11
1275,2026-01-09 04:03:33,11653,NA,0.116
1276,2026-01-09 16:51:36,459,EU,0.005
1277,2026-01-09 22:48:17,947,EU,0.082
1278,2026-01-09 10:10:40,5482,EU,0.077
1279,2026-01-09 14:19:23,2980,NA,0.0
1280,2026-01-09 20:43:20,307,EU,0.096
1281,2026-01-09 16:22:49,8639,EU,0.057
1282,2026-01-09 23:29:17,8641,EU,0.084
1283,2026-01-09 05:06:45,394,NA,0.089
1284,2026-01-09 10:35:09,10886,APAC,0.069
1285,2026-01-09 07:13:46,1610,EU,0.082
1286,2026-01-09 12:10:30,5900,NA,0.064
1287,2026-01-09 05:41:22,4284,NA,0.081
1288,2026-01-09 11:21:47,8768,NA,0.007
1289,2026-01-09 05:42:49,11454,EU,0.058
1290,2026-01-09 15:13:43,9512,NA,0.044
1291,2026-01-09 22:00:01,2360,NA,0.077
1292,2026-01-10 09:57:33,1234,APAC,0.051
1293,2026-01-10 13:27:36,11383,NA,0.002
1294,2026-01-10 02:29:13,10354,EU,0.091
1295,2026-01-10 22:28:35,4789,EU,0.02
1296,2026-01-10 20:13:20,4670,APAC,0.034
1297,2026-01-10 15:24:40,6872,NA,0.026
1298,2026-01-10 03:58:12,9399,NA,0.0
1299,2026-01-10 20:58:32,542,APAC,0.027
1300,2026-01-10 17:55:55,2769,EU,0.062
1301,2026-01-10 07:05:42,3930,EU,0.063
1302,2026-01-10 17:14:43,1888,NA,0.073
1303,2026-01-10 21:27:29,2148,NA,0.053
1304,2026-01-10 04:37:25,4658,NA,0.021
1305,2026-01-10 01:47:23,4015,EU,0.008
1306,2026-01-10 14:51:44,242,APAC,0.038
1307,2026-01-10 02:40:13,8327,APAC,0.041
1308,2026-01-10 19:25:26,10140,NA,0.033
1309,2026-01-10 23:21:31,352,NA,0.007
1310,2026-01-10 13:31:24,2262,APAC,0.044
1311,2026-01-10 00:36:15,2895,NA,0.022
1312,2026-01-10 05:41:06,3990,APAC,0.049
1313,2026-01-10 02:12:21,6390,EU,0.039
1314,2026-01-10 23:58:49,3186,NA,0.057
1315,2026-01-10 13:48:44,1589,EU,0.07
1316,2026-01-10 02:19:32,917,NA,0.036
1317,2026-01-10 07:22:56,1399,NA,0.066
1318,2026-01-10 05:17:25,3922,NA,0.094
1319,2026-01-11 21:04:39,4251,EU,0.0
1320,2026-01-11 02:44:31,144,EU,0.029
1321,2026-01-11 16:14:08,6669,NA,0.046
1322,2026-01-11 23:15:57,10075,APAC,0.028
1323,2026-01-11 13:36:17,8301,APAC,0.04
1324,2026-01-11 20:31:56,7280,APAC,0.077
1325,2026-01-11 16:57:57,2160,EU,0.092
1326,2026-01-11 01:32:55,4158,APAC,0.076
1327,2026-01-11 05:54:02,929,EU,0.056
1328,2026-01-11 01:15:59,3756,EU,0.0
1329,2026-01-11 08:12:24,9477,EU,0.024
1330,2026-01-11 18:03:30,4469,EU,0.06
1331,2026-01-11 14:30:58,7499,EU,0.059
1332,2026-01-11 06:35:23,7123,APAC,0.03
1333,2026-01-11 18:05:02,7624,NA,0.0
1334,2026-01-11 12:38:49,4171,NA,0.045
1335,2026-01-11 12:00:16,5745,NA,0.064
1336,2026-01-11 19:02:06,11499,NA,0.002
1337,2026-01-11 06:20:39,11296,APAC,0.072
1338,2026-01-11 18:44:41,3056,NA,0.073
1339,2026-01-11 04:26:54,9871,APAC,0.076
1340,2026-01-11 07:11:31,6418,NA,0.083
1341,2026-01-11 18:46:03,9002,NA,0.06
1342,2026-01-11 04:24:06,905,NA,0.033
1343,2026-01-11 18:00:39,11642,EU,0.014
1344,2026-01-12 09:43:41,11093,EU,0.015
1345,2026-01-12 20:54:30,11402,NA,0.039
1346,2026-01-12 21:19:27,6493,APAC,0.0
1347,2026-01-12 15:00:50,10578,EU,0.061
1348,2026-01-12 07:29:33,1687,EU,0.01
1349,2026-01-12 01:42:04,9958,EU,0.063
1350,2026-01-12 02:22:44,7043,NA,0.0
1351,2026-01-12 23:43:37,11530,EU,0.013
1352,2026-01-12 07:01:59,6400,EU,0.106
1353,2026-01-12 07:59:19,9791,EU,0.028
1354,2026-01-12 04:19:39,4352,EU,0.078
1355,2026-01-12 20:28:49,5816,APAC,0.039
1356,2026-01-12 07:48:53,9999,NA,0.06
1357,2026-01-12 07:49:15,6531,APAC,0.07
1358,2026-01-12 10:17:11,4204,EU,0.056
1359,2026-01-12 20:23:37,4768,NA,0.029
1360,2026-01-12 18:58:51,8605,NA,0.03
1361,2026-01-12 11:35:11,2200,APAC,0.034
1362,2026-01-12 00:50:17,5272,NA,0.05
1363,2026-01-13 01:09:45,4440,NA,0.07
1364,2026-01-13 04:44:11,5726,NA,0.022
1365,2026-01-13 23:46:15,7262,NA,0.066
1366,2026-01-13 02:37:42,6339,APAC,0.036
1367,2026-01-13 16:56:30,4527,NA,0.076
1368,2026-01-13 21:07:46,7953,EU,0.064
1369,2026-01-13 00:13:46,4097,NA,0.029
1370,2026-01-13 13:57:29,5814,APAC,0.039
1371,2026-01-13 00:08:04,4516,NA,0.018
1372,2026-01-13 04:36:35,6723,EU,0.007
1373,2026-01-13 04:13:07,8191,EU,0.028
1374,2026-01-13 13:27:54,10900,APAC,0.081
1375,2026-01-13 03:59:27,362,NA,0.019
1376,2026-01-13 05:33:54,11027,EU,0.091
1377,2026-01-13 06:16:45,2059,NA,0.071
1378,2026-01-13 12:12:34,9964,EU,0.061
1379,2026-01-13 12:18:46,4243,APAC,0.0
1380,2026-01-13 21:28:27,1518,EU,0.054
1381,2026-01-13 21:15:58,9633,NA,0.046
